0000C5	Commscope
0000CA	Commscope
000130	Extreme Networks, Inc.
0003E0	Commscope
00043C	SONOS Co., Ltd.
00045A	The Linksys Group, Inc.
00047D	Motorola Solutions Inc.
000496	Extreme Networks, Inc.
0004BD	Commscope
00055D	D-Link Systems, Inc.
000625	The Linksys Group, Inc.
00080E	Commscope
00090F	Fortinet, Inc.
00095B	Netgear
000A28	Motorola
000AEB	Tp-Link Technologies Co.,Ltd.
000B06	Commscope
000B86	Hewlett Packard Enterprise
000C41	Cisco-Linksys, LLC
000C42	Routerboard.com
000C6E	ASUSTek COMPUTER INC.
000CE5	Commscope
000CE6	Fortinet, Inc.
000D88	D-Link Corporation
000E08	Cisco-Linksys, LLC
000E58	Sonos, Inc.
000E59	Sagemcom Broadband SAS
000E5C	Commscope
000E8F	Sercomm Corporation.
000EA6	ASUSTek COMPUTER INC.
000EC7	Motorola Korea
000F3D	D-Link Corporation
000F66	Cisco-Linksys, LLC
000F9F	Commscope
000FB3	Actiontec Electronics, Inc
000FB5	Netgear
000FCC	Commscope
00111A	Commscope
00112F	ASUSTek COMPUTER INC.
001150	Belkin Corporation
001180	Commscope
001195	D-Link Corporation
0011AE	Commscope
0011D8	ASUSTek COMPUTER INC.
0011F5	Askey Computer Corp
001217	Cisco-Linksys, LLC
001225	Commscope
00128A	Commscope
0012BF	Arcadyan Corporation
0012C9	Commscope
001310	Cisco-Linksys, LLC
001311	Commscope
001346	D-Link Corporation
001349	Zyxel Communications Corporation
001371	Commscope
001392	Ruckus Wireless
0013D4	ASUSTek COMPUTER INC.
001404	Commscope
001438	Hewlett Packard Enterprise
00146C	Netgear
001478	Tp-Link Technologies Co.,Ltd.
00149A	Commscope
0014BF	Cisco-Linksys, LLC
0014E8	Commscope
001505	Actiontec Electronics, Inc
00152F	Commscope
001556	Sagemcom Broadband SAS
00156D	Ubiquiti Inc
001596	Commscope
00159A	Commscope
0015A2	Commscope
0015A3	Commscope
0015A4	Commscope
0015A8	Commscope
0015CE	Commscope
0015CF	Commscope
0015D0	Commscope
0015D1	Commscope
0015E9	D-Link Corporation
0015F2	ASUSTek COMPUTER INC.
001626	Commscope
001675	Commscope
0016B5	Commscope
0016B6	Cisco-Linksys, LLC
0016E3	Askey Computer Corp
001700	Commscope
001731	ASUSTek COMPUTER INC.
00173F	Belkin International Inc.
001784	Commscope
00179A	D-Link Corporation
0017E2	Commscope
0017EE	Commscope
001801	Actiontec Electronics, Inc
001839	Cisco-Linksys, LLC
00184D	Netgear
001885	Motorola Solutions Inc.
0018A4	Commscope
0018C0	Commscope
0018F3	ASUSTek COMPUTER INC.
0018F8	Cisco-Linksys, LLC
00192C	Commscope
00194B	Sagemcom Broadband SAS
00195B	D-Link Corporation
00195E	Commscope
001977	Extreme Networks, Inc.
0019A6	Commscope
0019C0	Commscope
0019CB	Zyxel Communications Corporation
0019E0	Tp-Link Technologies Co.,Ltd.
001A11	Google, Inc.
001A1B	Commscope
001A1E	Hewlett Packard Enterprise
001A2A	Arcadyan Corporation
001A66	Commscope
001A70	Cisco-Linksys, LLC
001A77	Commscope
001A92	ASUSTek COMPUTER INC.
001AAD	Commscope
001ADB	Commscope
001ADE	Commscope
001B11	D-Link Corporation
001B2F	Netgear
001B52	Commscope
001B9E	Askey Computer Corp
001BBF	Sagemcom Broadband SAS
001BDD	Commscope
001BFC	ASUSTek COMPUTER INC.
001C10	Cisco-Linksys, LLC
001C11	Commscope
001C12	Commscope
001CC1	Commscope
001CC3	Commscope
001CDF	Belkin International Inc.
001CF0	D-Link Corporation
001CFB	Commscope
001D0F	Tp-Link Technologies Co.,Ltd.
001D19	Arcadyan Corporation
001D2E	Ruckus Wireless
001D60	ASUSTek COMPUTER INC.
001D6B	Commscope
001D7E	Cisco-Linksys, LLC
001DBE	Commscope
001DCD	Commscope
001DCE	Commscope
001DCF	Commscope
001DD0	Commscope
001DD1	Commscope
001DD2	Commscope
001DD3	Commscope
001DD4	Commscope
001DD5	Commscope
001DD6	Commscope
001E2A	Netgear
001E46	Commscope
001E58	D-Link Corporation
001E5A	Commscope
001E74	Sagemcom Broadband SAS
001E8C	ASUSTek COMPUTER INC.
001E8D	Commscope
001EA7	Actiontec Electronics, Inc
001EE5	Cisco-Linksys, LLC
001F33	Netgear
001F41	Ruckus Wireless
001F7E	Commscope
001F90	Actiontec Electronics, Inc
001F92	Motorola Solutions Inc.
001F95	Sagemcom Broadband SAS
001FC4	Commscope
001FC6	ASUSTek COMPUTER INC.
002040	Commscope
002075	Motorola Communication Israel
0020E0	Actiontec Electronics, Inc
00211E	Commscope
002127	Tp-Link Technologies Co.,Ltd.
002129	Cisco-Linksys, LLC
002136	Commscope
002143	Commscope
002163	Askey Computer Corp
002180	Commscope
002191	D-Link Corporation
002210	Commscope
002215	ASUSTek COMPUTER INC.
00223F	Netgear
00226B	Cisco-Linksys, LLC
002275	Belkin International Inc.
00227F	Ruckus Wireless
0022B0	D-Link Corporation
0022B4	Commscope
002308	Arcadyan Corporation
00230B	Commscope
002348	Sagemcom Broadband SAS
002354	ASUSTek COMPUTER INC.
002369	Cisco-Linksys, LLC
002374	Commscope
002375	Commscope
002395	Commscope
0023A2	Commscope
0023A3	Commscope
0023AF	Commscope
0023CD	Tp-Link Technologies Co.,Ltd.
0023ED	Commscope
0023EE	Commscope
0023F8	Zyxel Communications Corporation
002401	D-Link Corporation
002437	Motorola - BSG
00246C	Hewlett Packard Enterprise
00247B	Actiontec Electronics, Inc
002482	Ruckus Wireless
00248C	ASUSTek COMPUTER INC.
002492	Motorola, Broadband Solutions Group
002493	Commscope
002495	Commscope
0024A0	Commscope
0024A1	Commscope
0024B2	Netgear
0024C1	Commscope
0024D2	Askey Computer Corp
002569	Sagemcom Broadband SAS
002586	Tp-Link Technologies Co.,Ltd.
00259C	Cisco-Linksys, LLC
0025C4	Ruckus Wireless
0025F1	Commscope
0025F2	Commscope
002618	ASUSTek COMPUTER INC.
002636	Commscope
002641	Commscope
002642	Commscope
00264D	Arcadyan Corporation
00265A	D-Link Corporation
002662	Actiontec Electronics, Inc
002691	Sagemcom Broadband SAS
0026B6	Askey Computer Corp
0026B8	Actiontec Electronics, Inc
0026BA	Commscope
0026D9	Commscope
0026F2	Netgear
002719	Tp-Link Technologies Co.,Ltd.
002722	Ubiquiti Inc
0030BD	Belkin Components
003192	TP-Link Systems Inc
003358	Ruckus Wireless
003676	Commscope
0037B7	Sagemcom Broadband SAS
004020	CommScope Inc
004028	Netcomm Limited
004E35	Hewlett Packard Enterprise
005094	Commscope
0050BA	D-Link Corporation
0050E3	Commscope
005F67	TP-Link Systems Inc
00604C	Sagemcom Broadband SAS
006064	Netcomm Limited
006201	Motorola Mobility LLC, a Lenovo Company
007147	Amazon Technologies Inc.
007263	Netis Technology Co., Ltd.
00789E	Sagemcom Broadband SAS
007F28	Actiontec Electronics, Inc
0080C8	D-Link Systems, Inc.
008621	Amazon Technologies Inc.
0089C9	Extreme Networks, Inc.
008EF2	Netgear
009096	Askey Computer Corp
00909C	Commscope
009EC8	Xiaomi Communications Co Ltd
00A0BF	Wireless Data Group Motorola
00A0C5	Zyxel Communications Corporation
00ACE0	Commscope
00AD24	D-Link International
00B81D	Extreme Networks, Inc.
00B8B6	Motorola Mobility LLC, a Lenovo Company
00BB3A	Amazon Technologies Inc.
00BC2F	Actiontec Electronics Inc.
00C002	Sercomm Corporation.
00C30A	Xiaomi Communications Co Ltd
00C84E	Hewlett Packard Enterprise
00CB51	Sagemcom Broadband SAS
00D037	Commscope
00D088	Commscope
00D0AC	Commscope, Inc
00DCB2	Extreme Networks, Inc.
00E00C	Motorola
00E018	ASUSTek COMPUTER INC.
00E02B	Extreme Networks, Inc.
00E06F	Commscope
00E60E	Extreme Networks, Inc.
00E63A	Ruckus Wireless
00EBD8	Mercusys Technologies Co., Ltd.
00EC0A	Xiaomi Communications Co Ltd
00F361	Amazon Technologies Inc.
00F620	Google, Inc.
00F8CC	Sagemcom Broadband SAS
00FADE	Motorola Mobility LLC, a Lenovo Company
00FC8B	Amazon Technologies Inc.
00FD45	Hewlett Packard Enterprise
04006E	Google, Inc.
0401A1	Fortinet, Inc.
040973	Hewlett Packard Enterprise
040986	Arcadyan Corporation
040F66	TP-Link Systems Inc.
04106B	Xiaomi Communications Co Ltd
0418D6	Ubiquiti Inc
0434F6	Motorola (Wuhan) Mobility Technologies Communication Co., Ltd.
04421A	ASUSTek COMPUTER INC.
044E5A	Commscope
044FAA	Ruckus Wireless
045EA4	Netis Technology Co., Ltd.
046761	Beijing Xiaomi Mobile Software Co., Ltd
047056	Arcadyan Corporation
047A0B	Beijing Xiaomi Electronics Co., Ltd.
048D38	Netis Technology Co., Ltd.
049226	ASUSTek COMPUTER INC.
0495E6	Tenda Technology Co.,Ltd.Dongguan branch
04A151	Netgear
04A222	Arcadyan Corporation
04AE47	Beijing Xiaomi Mobile Software Co., Ltd
04B167	Xiaomi Communications Co Ltd
04BAD6	D-Link Corporation
04BD88	Hewlett Packard Enterprise
04BF6D	Zyxel Communications Corporation
04C807	Xiaomi Communications Co Ltd
04C845	TP-Link Systems Inc.
04C8B0	Google, Inc.
04CF8C	XIAOMI Electronics,CO.,LTD
04D13A	Xiaomi Communications Co Ltd
04D395	Motorola Mobility LLC, a Lenovo Company
04D4C4	ASUSTek COMPUTER INC.
04D590	Fortinet, Inc.
04D9F5	ASUSTek COMPUTER INC.
04E31A	Sagemcom Broadband SAS
04E598	Xiaomi Communications Co Ltd
04F41C	Routerboard.com
04F9F8	Tp-Link Technologies Co.,Ltd.
08028E	Netgear
0812A5	Amazon Technologies Inc.
081814	Hewlett Packard Enterprise
081C6E	Xiaomi Communications Co Ltd
081F71	Tp-Link Technologies Co.,Ltd.
082525	Xiaomi Communications Co Ltd
082697	Zyxel Communications Corporation
0827A8	Arcadyan Corporation
0833ED	Askey Computer Corp
0836C9	Netgear
0838E6	Motorola (Wuhan) Mobility Technologies Communication Co., Ltd.
083E0C	Commscope
083E5D	Sagemcom Broadband SAS
083F21	Motorola Mobility LLC, a Lenovo Company
0840F3	Tenda Technology Co.,Ltd.Dongguan branch
0851F2	Sagemcom Broadband SAS
085531	Routerboard.com
085700	Tp-Link Technologies Co.,Ltd.
0857FB	Amazon Technologies Inc.
085A11	D-Link International
085B0E	Fortinet, Inc.
08606E	ASUSTek COMPUTER INC.
086266	ASUSTek COMPUTER INC.
086A0A	Askey Computer Corp
086AE5	Amazon Technologies Inc.
087B0F	Amazon Technologies Inc.
087B12	Sagemcom Broadband SAS
087C39	Amazon Technologies Inc.
08849D	Amazon Technologies Inc.
08863B	Belkin International Inc.
088AF1	Mercusys Technologies Co., Ltd.
088BC8	Google, Inc.
089115	Amazon Technologies Inc.
0891A3	Amazon Technologies Inc.
089536	Actiontec Electronics Inc.
089734	Hewlett Packard Enterprise
089E08	Google, Inc.
08A6BC	Amazon Technologies Inc.
08AA55	Motorola Mobility LLC, a Lenovo Company
08B055	Askey Computer Corp
08B339	Xiaomi Communications Co Ltd
08B4B1	Google, Inc.
08BD43	Netgear
08BFB8	ASUSTek COMPUTER INC.
08C224	Amazon Technologies Inc.
08CC27	Motorola Mobility LLC, a Lenovo Company
08D59D	Sagemcom Broadband SAS
08EA44	Extreme Networks, Inc.
08F1EA	Hewlett Packard Enterprise
0C07DF	Xiaomi Communications Co Ltd
0C0E76	D-Link International
0C1C31	Mercusys Technologies Co., Ltd.
0C1DAF	Xiaomi Communications Co Ltd
0C43F9	Amazon Technologies Inc.
0C47C9	Amazon Technologies Inc.
0C4B54	Tp-Link Technologies Co.,Ltd.
0C6127	Actiontec Electronics, Inc
0C7165	Motorola Mobility LLC, a Lenovo Company
0C722C	Tp-Link Technologies Co.,Ltd.
0C7329	Sercomm Corporation.
0C7DB0	Motorola Mobility LLC, a Lenovo Company
0C7FB2	Commscope
0C8063	Tp-Link Technologies Co.,Ltd.
0C8268	Tp-Link Technologies Co.,Ltd.
0C8509	Shen Zhen Tenda Technology Co.,Ltd
0C8E29	Arcadyan Corporation
0C975F	Hewlett Packard Enterprise
0C9838	Xiaomi Communications Co Ltd
0C9B78	Extreme Networks, Inc.
0C9D92	ASUSTek COMPUTER INC.
0CAC8A	Sagemcom Broadband SAS
0CB6D2	D-Link International
0CB771	Commscope
0CBC35	Netis Technology Co., Ltd.
0CC413	Google, Inc.
0CC6FD	Xiaomi Communications Co Ltd
0CCB85	Motorola Mobility LLC, a Lenovo Company
0CDC91	Amazon Technologies Inc.
0CEA14	Ubiquiti Inc
0CEAC9	Commscope
0CEC8D	Motorola Mobility LLC, a Lenovo Company
0CED71	Extreme Networks, Inc.
0CEDC8	Xiaomi Communications Co Ltd
0CEE99	Amazon Technologies Inc.
0CEF15	TP-Link Systems Inc.
0CF346	Xiaomi Communications Co Ltd
0CF4D5	Ruckus Wireless
0CF893	Commscope
1005B1	Commscope
100645	Sagemcom Broadband SAS
1009F9	Amazon Technologies Inc.
100C6B	Netgear
100D7F	Netgear
101D6E	Hewlett Packard Enterprise
1027F5	TP-Link Systems Inc
102AB3	Xiaomi Communications Co Ltd
102B1C	Motorola Mobility LLC, a Lenovo Company
102BAA	Sagemcom Broadband SAS
103F44	Xiaomi Communications Co Ltd
104F58	Hewlett Packard Enterprise
105072	Sercomm Corporation.
105611	Commscope
105A95	TP-Link Systems Inc.
105F06	Actiontec Electronics, Inc
1062EB	D-Link International
1071B3	Zyxel Communications Corporation
10746F	Motorola Solutions Malaysia Sdn. Bhd.
10785B	Actiontec Electronics, Inc
107B44	ASUSTek COMPUTER INC.
107BEF	Zyxel Communications Corporation
107C61	ASUSTek COMPUTER INC.
10868C	Commscope
109397	Commscope
109693	Amazon Technologies Inc.
109FA9	Actiontec Electronics, Inc
10AE60	Amazon Technologies Inc.
10BEF5	D-Link International
10BF48	ASUSTek COMPUTER INC.
10BF67	Amazon Technologies Inc.
10C197	Xiaomi Communications Co Ltd
10C37B	ASUSTek COMPUTER INC.
10C5FA	Zyxel Communications Corporation
10CE02	Amazon Technologies Inc.
10D7B0	Sagemcom Broadband SAS
10D9A2	Google, Inc.
10DA43	Netgear
10E177	Commscope
10F068	Ruckus Wireless
10FEED	Tp-Link Technologies Co.,Ltd.
1402EC	Hewlett Packard Enterprise
140589	Motorola Mobility LLC, a Lenovo Company
140AC5	Amazon Technologies Inc.
141AA3	Motorola Mobility LLC, a Lenovo Company
14223B	Google, Inc.
142E5E	Sercomm Corporation.
1430C6	Motorola Mobility LLC, a Lenovo Company
143375	Zyxel Communications Corporation
14360E	Zyxel Communications Corporation
1438FA	Motorola Mobility LLC, a Lenovo Company
1449D4	Xiaomi Communications Co Ltd
1459C0	Netgear
145BD1	Commscope
147590	Tp-Link Technologies Co.,Ltd.
147649	Hewlett Packard Enterprise
147D05	Sercomm Philippines Inc
147E19	Hewlett Packard Enterprise
148692	Tp-Link Technologies Co.,Ltd.
14907A	Beijing Xiaomi Mobile Software Co., Ltd
149138	Amazon Technologies Inc.
149182	Belkin International Inc.
14993E	Xiaomi Communications Co Ltd
14ABEC	Hewlett Packard Enterprise
14ABF0	Commscope
14C03E	Commscope
14C14E	Google, Inc.
14C7C4	Zyxel Communications Corporation
14CC20	Tp-Link Technologies Co.,Ltd.
14CF92	Tp-Link Technologies Co.,Ltd.
14CFE2	Commscope
14D4FE	Commscope
14D64D	D-Link International
14D864	Tp-Link Technologies Co.,Ltd.
14D881	Beijing Xiaomi Mobile Software Co., Ltd
14DAE9	ASUSTek COMPUTER INC.
14DDA9	ASUSTek COMPUTER INC.
14E6E4	Tp-Link Technologies Co.,Ltd.
14EBB6	TP-Link Systems Inc
14F65A	Xiaomi Communications Co Ltd
1801F1	Xiaomi Communications Co Ltd
180B1B	Amazon Technologies Inc.
180C7A	Sagemcom Broadband SAS
180F76	D-Link International
181BEB	Actiontec Electronics, Inc
181E78	Sagemcom Broadband SAS
1820D5	Commscope
1831BF	ASUSTek COMPUTER INC.
1835D1	Commscope
1848BE	Amazon Technologies Inc.
1849F8	Extreme Networks, Inc.
184B0D	Ruckus Wireless
185880	Arcadyan Corporation
185936	Xiaomi Communications Co Ltd
185F27	Motorola Mobility LLC, a Lenovo Company
186041	Arcadyan Corporation
18622C	Sagemcom Broadband SAS
186472	Hewlett Packard Enterprise
186945	TP-Link Systems Inc.
186A81	Sagemcom Broadband SAS
18742E	Amazon Technologies Inc.
187A3B	Hewlett Packard Enterprise
187C0B	Ruckus Wireless
18828C	Arcadyan Corporation
1883BF	Arcadyan Corporation
188740	Xiaomi Communications Co Ltd
1890D8	Sagemcom Broadband SAS
189C27	Commscope
18A5FF	Arcadyan Corporation
18A6F7	Tp-Link Technologies Co.,Ltd.
18B81F	Commscope
18D3CF	Hewlett Packard Enterprise
18D6C7	Tp-Link Technologies Co.,Ltd.
18E829	Ubiquiti Inc
18EFC0	Sercomm Japan Corporation
18F0E4	Xiaomi Communications Co Ltd
18F145	NetComm Wireless Limited
18F22C	Tp-Link Technologies Co.,Ltd.
18FD74	Routerboard.com
1C0B8B	Ubiquiti Inc
1C12B0	Amazon Technologies Inc.
1C1448	Commscope
1C1B68	Commscope
1C24CD	Askey Computer Corp
1C2575	Xiaomi Communications Co Ltd
1C28AF	Hewlett Packard Enterprise
1C2AB0	Beijing Xiaomi Electronics Co.,Ltd
1C2D60	Extreme Networks, Inc.
1C3003	Hewlett Packard Enterprise
1C3A60	Ruckus Wireless
1C3BF3	Tp-Link Technologies Co.,Ltd.
1C4419	Tp-Link Technologies Co.,Ltd.
1C4D66	Amazon Technologies Inc.
1C53F9	Google, Inc.
1C56FE	Motorola Mobility LLC, a Lenovo Company
1C5F2B	D-Link International
1C61B4	TP-Link Systems Inc
1C64F0	Motorola Mobility LLC, a Lenovo Company
1C6A1B	Ubiquiti Inc
1C740D	Zyxel Communications Corporation
1C7EE5	D-Link International
1C872C	ASUSTek COMPUTER INC.
1C8BEF	Beijing Xiaomi Electronics Co.,Ltd
1C937C	Commscope
1C93C4	Amazon Technologies Inc.
1C984B	Extreme Networks, Inc.
1C98EC	Hewlett Packard Enterprise
1CAFF7	D-Link International
1CB044	Askey Computer Corp
1CB72C	ASUSTek COMPUTER INC.
1CB9C4	Ruckus Wireless
1CBDB9	D-Link International
1CC63C	Arcadyan Corporation
1CCCD6	Xiaomi Communications Co Ltd
1CD11A	Fortinet, Inc.
1CE4DD	Technicolor (China) Technology Co., Ltd.
1CEAAC	Beijing Xiaomi Mobile Software Co., Ltd
1CF29A	Google, Inc.
1CF43F	Arcadyan Corporation
1CFA68	Tp-Link Technologies Co.,Ltd.
1CFE2B	Amazon Technologies Inc.
200CC8	Netgear
2010B1	Amazon Technologies Inc.
201F3B	Google, Inc.
202351	TP-Link Systems Inc
2025CC	Xiaomi Communications Co Ltd
203389	Google, Inc.
203462	Xiaomi Communications Co Ltd
2034FB	Xiaomi Communications Co Ltd
203543	Sagemcom Broadband SAS
203626	TP-Link Systems Inc
2036D0	Motorola Mobility LLC, a Lenovo Company
2037F0	Arcadyan Corporation
203B34	Xiaomi Communications Co Ltd
203D66	Commscope
2047B5	Sagemcom Broadband SAS
2047DA	Xiaomi Communications Co Ltd
204C03	Hewlett Packard Enterprise
204E7F	Netgear
205869	Ruckus Wireless
20677C	Hewlett Packard Enterprise
206BE7	Tp-Link Technologies Co.,Ltd.
206C8A	Extreme Networks, Inc.
2072A9	Beijing Xiaomi Electronics Co.,Ltd
207355	Commscope
207600	Actiontec Electronics, Inc
2082C0	Xiaomi Communications Co Ltd
209952	Xiaomi Communications Co Ltd
209A7D	Sagemcom Broadband SAS
209CB4	Hewlett Packard Enterprise
209EF7	Extreme Networks, Inc.
20A171	Amazon Technologies Inc.
20A60C	Xiaomi Communications Co Ltd
20A6CD	Hewlett Packard Enterprise
20AA4B	Cisco-Linksys, LLC
20AB53	Motorola Mobility LLC, a Lenovo Company
20B82B	Sagemcom Broadband SAS
20B868	Motorola Mobility LLC, a Lenovo Company
20BEB8	Amazon Technologies Inc.
20CF30	ASUSTek COMPUTER INC.
20DCE6	Tp-Link Technologies Co.,Ltd.
20DFB9	Google, Inc.
20E15D	TP-Link Systems Inc.
20E52A	Netgear
20E564	Commscope
20F094	Google, Inc.
20F19E	Commscope
20F375	Commscope
20F478	Xiaomi Communications Co Ltd
20FE00	Amazon Technologies Inc.
240588	Google, Inc.
240A63	Commscope
241145	Xiaomi Communications Co Ltd
241FBD	Extreme Networks, Inc.
2420C7	Sagemcom Broadband SAS
242934	Google, Inc.
242FD0	TP-Link Systems Inc
2446C8	Motorola Mobility LLC, a Lenovo Company
244750	Sagemcom Broadband SAS
244BFE	ASUSTek COMPUTER INC.
244CE3	Amazon Technologies Inc.
244ECD	Sagemcom Broadband SAS
245A4C	Ubiquiti Inc
245A5F	Tp-Link Technologies Co.,Ltd.
2462CE	Hewlett Packard Enterprise
246477	Beijing Xiaomi Mobile Software Co., Ltd
246968	Tp-Link Technologies Co.,Ltd.
24792A	Ruckus Wireless
247F20	Sagemcom Broadband SAS
248185	Extreme Networks, Inc.
2494CB	Commscope
24952F	Google, Inc.
24A186	Commscope
24A43C	Ubiquiti Inc
24B5B9	Motorola Mobility LLC, a Lenovo Company
24C9A1	Ruckus Wireless
24CE33	Amazon Technologies Inc.
24CF24	Beijing Xiaomi Mobile Software Co., Ltd
24D337	Xiaomi Communications Co Ltd
24D53B	Motorola Mobility LLC, a Lenovo Company
24DA9B	Motorola Mobility LLC, a Lenovo Company
24DEC6	Hewlett Packard Enterprise
24E50F	Google, Inc.
24EC99	Askey Computer Corp
24F27F	Hewlett Packard Enterprise
24F5A2	Belkin International Inc.
28107B	D-Link International
2812D0	Motorola Mobility LLC, a Lenovo Company
28167F	Xiaomi Communications Co Ltd
2824C9	Amazon Technologies Inc.
28285D	Zyxel Communications Corporation
282CB2	Tp-Link Technologies Co.,Ltd.
283B82	D-Link International
285923	Xiaomi Communications Co Ltd
286C07	XIAOMI Electronics,CO.,LTD
28704E	Ubiquiti Inc
2873F6	Amazon Technologies Inc.
287AEE	Commscope
288088	Netgear
2887BA	TP-Link Systems Inc
289104	TP-Link Systems Inc.
289401	Netgear
289EFC	Sagemcom Broadband SAS
28B371	Ruckus Wireless
28BD89	Google, Inc.
28C68E	Netgear
28C87A	Commscope
28D127	Beijing Xiaomi Mobile Software Co., Ltd
28DE65	Hewlett Packard Enterprise
28E31F	Xiaomi Communications Co Ltd
28EE52	Tp-Link Technologies Co.,Ltd.
28EF01	Amazon Technologies Inc.
28F5D1	Commscope
2C00AB	Commscope
2C0823	Sercomm France Sarl
2C0B97	Xiaomi Communications Co Ltd
2C0DCF	Xiaomi Communications Co Ltd
2C195C	Beijing Xiaomi Mobile Software Co., Ltd
2C1DB8	Commscope
2C2B86	Sagemcom Broadband SAS
2C301A	Technicolor CH USA Inc for Telus
2C3033	Netgear
2C3996	Sagemcom Broadband SAS
2C4D54	ASUSTek COMPUTER INC.
2C56DC	ASUSTek COMPUTER INC.
2C584F	Commscope
2C5917	Arcadyan Corporation
2C5D93	Ruckus Wireless
2C71FF	Amazon Technologies Inc.
2C79BE	Tp-Link Technologies Co.,Ltd.
2C79D7	Sagemcom Broadband SAS
2C7E81	Commscope
2C93FB	Sercomm France Sarl
2C9569	Commscope
2C9924	Commscope
2C9E5F	Commscope
2CA17D	Commscope
2CAB46	Ruckus Wireless
2CB05D	Netgear
2CC5D3	Ruckus Wireless
2CC81B	Routerboard.com
2CD066	Xiaomi Communications Co Ltd
2CE412	Sagemcom Broadband SAS
2CE5BD	Ubiquiti Inc
2CE6CC	Ruckus Wireless
2CEADC	Askey Computer Corp
2CF2A5	Sagemcom Broadband SAS
2CFB0F	Sagemcom Broadband SAS
2CFDA1	ASUSTek COMPUTER INC.
2CFDAB	Motorola (Wuhan) Mobility Technologies Communication Co., Ltd.
2CFE4F	Xiaomi Communications Co Ltd
30075C	Netis Technology Co., Ltd.
3009C0	Motorola Mobility LLC, a Lenovo Company
301577	Zyxel Communications Corporation
30169D	Mercusys Technologies Co., Ltd.
301C22	Hewlett Packard Enterprise
302303	Belkin International Inc.
302478	Sagemcom Broadband SAS
303FBB	Hewlett Packard Enterprise
30469A	Netgear
304B07	Motorola Mobility LLC, a Lenovo Company
304D1F	Amazon Technologies Inc.
3050CE	Xiaomi Communications Co Ltd
305A3A	ASUSTek COMPUTER INC.
306023	Commscope
3067A1	Sagemcom Broadband SAS
306893	TP-Link Systems Inc.
3083D2	Motorola Mobility LLC, a Lenovo Company
3085A9	ASUSTek COMPUTER INC.
3087D9	Ruckus Wireless
3093BC	Sagemcom Broadband SAS
30B1B5	Arcadyan Corporation
30B49E	Tp-Link Technologies Co.,Ltd.
30B5C2	Tp-Link Technologies Co.,Ltd.
30BD13	Zyxel Communications Corporation
30C599	ASUSTek COMPUTER INC.
30DE4B	TP-Link Systems Inc
30E044	Google, Inc.
30F600	Sagemcom Broadband SAS
30F65D	Hewlett Packard Enterprise
30F856	Extreme Networks, Inc.
30FC68	Tp-Link Technologies Co.,Ltd.
30FD38	Google, Inc.
34029C	D-Link Corporation
340804	D-Link Corporation
340A33	D-Link International
341593	Ruckus Wireless
3417DD	Sercomm France Sarl
34194D	Arcadyan Corporation
341CF0	Xiaomi Communications Co Ltd
341FE4	Commscope
3420E3	Ruckus Wireless
3425BE	Amazon Technologies Inc.
342B70	Arris
342CC4	Compal Broadband Networks, Inc.
343916	Google, Inc.
343A20	Hewlett Packard Enterprise
34495B	Sagemcom Broadband SAS
3453D2	Sagemcom Broadband SAS
345D9E	Sagemcom Broadband SAS
3460F9	TP-Link Systems Inc
346B46	Sagemcom Broadband SAS
347A60	Commscope
347E5C	Sonos, Inc.
3480B3	Xiaomi Communications Co Ltd
348584	Extreme Networks, Inc.
348A12	Hewlett Packard Enterprise
348AAE	Sagemcom Broadband SAS
348F27	Ruckus Wireless
349672	Tp-Link Technologies Co.,Ltd.
3497F6	ASUSTek COMPUTER INC.
3498B5	Netgear
34AFB3	Amazon Technologies Inc.
34B98D	Xiaomi Communications Co Ltd
34BB26	Motorola Mobility LLC, a Lenovo Company
34C515	Hewlett Packard Enterprise
34C7E9	Google, Inc.
34CE00	XIAOMI Electronics,CO.,LTD
34D270	Amazon Technologies Inc.
34DB9C	Sagemcom Broadband SAS
34DDCC	Google, Inc.
34E894	Tp-Link Technologies Co.,Ltd.
34F015	Beijing Xiaomi Mobile Software Co., Ltd
34F716	Tp-Link Technologies Co.,Ltd.
34FA1C	Beijing Xiaomi Mobile Software Co., Ltd
34FA9F	Ruckus Wireless
34FCB9	Hewlett Packard Enterprise
3802DE	Sercomm Corporation.
3806E6	Arcadyan Corporation
3810F0	Hewlett Packard Enterprise
3817B1	Sagemcom Broadband SAS
3817C3	Hewlett Packard Enterprise
3821C7	Hewlett Packard Enterprise
382C4A	ASUSTek COMPUTER INC.
38327A	Routerboard.com
3835FB	Sagemcom Broadband SAS
38420B	Sonos, Inc.
38437D	Compal Broadband Networks, Inc.
38453B	Ruckus Wireless
384C90	Commscope
386BBB	Commscope
386FF4	Amazon Technologies Inc.
38700C	Commscope
3880DF	Motorola Mobility LLC, a Lenovo Company
388345	Tp-Link Technologies Co.,Ltd.
3886F7	Google, Inc.
388871	Askey Computer Corp
388B59	Google, Inc.
3894ED	Netgear
389E4C	Hewlett Packard Enterprise
38A4ED	Xiaomi Communications Co Ltd
38A659	Sagemcom Broadband SAS
38BD7A	Hewlett Packard Enterprise
38C0EA	Fortinet, Inc.
38C6BD	Xiaomi Communications Co Ltd
38D547	ASUSTek COMPUTER INC.
38E1F4	Sagemcom Broadband SAS
38E39F	Motorola Mobility LLC, a Lenovo Company
38E60A	Xiaomi Communications Co Ltd
38EC07	Motorola Mobility LLC, a Lenovo Company
38F18F	Technicolor (China) Technology Co., Ltd.
38F73D	Amazon Technologies Inc.
38FF36	Ruckus Wireless
3C0461	Commscope
3C06A7	Tp-Link Technologies Co.,Ltd.
3C135A	Xiaomi Communications Co Ltd
3C1710	Sagemcom Broadband SAS
3C1E04	D-Link International
3C286D	Google, Inc.
3C2CA6	Beijing Xiaomi Electronics Co.,Ltd
3C3174	Google, Inc.
3C3332	D-Link Corporation
3C36E4	Commscope
3C3786	Netgear
3C3824	Xiaomi Communications Co Ltd
3C438E	Commscope
3C46A1	Ruckus Wireless
3C46D8	Tp-Link Technologies Co.,Ltd.
3C52A1	TP-Link Systems Inc
3C5836	Sagemcom Broadband SAS
3C585D	Sagemcom Broadband SAS
3C5AB4	Google, Inc.
3C5CC4	Amazon Technologies Inc.
3C62F0	Sercomm Corporation.
3C64CF	TP-Link Systems Inc
3C6A48	Tp-Link Technologies Co.,Ltd.
3C6AD2	TP-Link Systems Inc.
3C754A	Commscope
3C7895	TP-Link Systems Inc.
3C7A8A	Commscope
3C7C3F	ASUSTek COMPUTER INC.
3C7F6E	Xiaomi Communications Co Ltd
3C81D8	Sagemcom Broadband SAS
3C846A	Tp-Link Technologies Co.,Ltd.
3C8D20	Google, Inc.
3C9872	Sercomm Corporation.
3CA070	Blink by Amazon
3CAFB7	Xiaomi Communications Co Ltd
3CBD3E	Beijing Xiaomi Electronics Co., Ltd.
3CBDC5	Arcadyan Corporation
3CCD57	Beijing Xiaomi Mobile Software Co., Ltd
3CDFA9	Commscope
3CE441	Amazon Technologies Inc.
3CE86E	Hewlett Packard Enterprise
3CF083	Arcadyan Corporation
3CF75D	Zyxel Communications Corporation
400877	Xiaomi Communications Co Ltd
400D10	Commscope
40167E	ASUSTek COMPUTER INC.
40169F	Tp-Link Technologies Co.,Ltd.
4018B1	Extreme Networks, Inc.
402B50	Commscope
40313C	XIAOMI Electronics,CO.,LTD
403F43	Extreme Networks, Inc.
403F8C	Tp-Link Technologies Co.,Ltd.
404A03	Zyxel Communications Corporation
404C77	Commscope
405D82	Netgear
4065A3	Sagemcom Broadband SAS
407009	Commscope
40786A	Motorola Mobility LLC, a Lenovo Company
4086CB	D-Link Corporation
408805	Motorola Mobility LLC, a Lenovo Company
40882F	Extreme Networks, Inc.
4089C6	Amazon Technologies Inc.
408B07	Actiontec Electronics, Inc
409595	TP-Link Systems Inc.
409BCD	D-Link International
40A108	Motorola (Wuhan) Mobility Technologies Communication Co., Ltd.
40A2DB	Amazon Technologies Inc.
40A44A	Google, Inc.
40A9CF	Amazon Technologies Inc.
40AE30	TP-Link Systems Inc
40B076	ASUSTek COMPUTER INC.
40B215	Extreme Networks, Inc.
40B4CD	Amazon Technologies Inc.
40B7F3	Commscope
40B82D	Ruckus Wireless
40B93C	Hewlett Packard Enterprise
40C02F	Actiontec Electronics Inc.
40C729	Sagemcom Broadband SAS
40E317	Extreme Networks, Inc.
40E3D6	Hewlett Packard Enterprise
40ED00	TP-Link Systems Inc
40F201	Sagemcom Broadband SAS
40F6BC	Amazon Technologies Inc.
40FAFE	Motorola Mobility LLC, a Lenovo Company
40FC89	Commscope
440049	Amazon Technologies Inc.
44053F	Sagemcom Broadband SAS
44070B	Google, Inc.
441030	Google, Inc.
441244	Hewlett Packard Enterprise
441524	Sagemcom Broadband SAS
441C7F	Motorola Mobility LLC, a Lenovo Company
441E98	Ruckus Wireless
44237C	Beijing Xiaomi Mobile Software Co., Ltd
442D49	Extreme Networks, Inc.
4434A7	Commscope
4435B9	NetComm Wireless Pty Ltd
443D54	Amazon Technologies Inc.
444201	Amazon Technologies Inc.
4448C1	Hewlett Packard Enterprise
444A37	Xiaomi Communications Co Ltd
44579F	Beijing Xiaomi Mobile Software Co., Ltd
445BED	Hewlett Packard Enterprise
445E82	Zyxel Communications Corporation
4463C2	Zyxel Communications Corporation
44650D	Amazon Technologies Inc.
446690	Tp-Link Technologies Co.,Ltd.
446AB7	Commscope
446D7F	Amazon Technologies Inc.
447147	Beijing Xiaomi Electronics Co.,Ltd
447B45	Amazon Technologies Inc.
4480EB	Motorola Mobility LLC, a Lenovo Company
4494FC	Netgear
44A56E	Netgear
44AAF5	Commscope
44ADB1	Sagemcom Broadband SAS
44B32D	Tp-Link Technologies Co.,Ltd.
44B4B2	Amazon Technologies Inc.
44BB3B	Google, Inc.
44BDC8	Xiaomi Communications Co Ltd
44CBAD	Xiaomi Communications Co Ltd
44D453	Sagemcom Broadband SAS
44D454	Sagemcom Broadband SAS
44D5CC	Amazon Technologies Inc.
44D9E7	Ubiquiti Inc
44DF65	Beijing Xiaomi Mobile Software Co., Ltd
44E137	Commscope
44E213	Beijing Xiaomi Mobile Software Co., Ltd
44E4E6	Extreme Networks, Inc.
44E9DD	Sagemcom Broadband SAS
44F770	Beijing Xiaomi Mobile Software Co., Ltd
44FE3B	Arcadyan Corporation
480020	Hewlett Packard Enterprise
480EEC	Tp-Link Technologies Co.,Ltd.
482254	TP-Link Systems Inc
482952	Sagemcom Broadband SAS
482CA0	Xiaomi Communications Co Ltd
482CEA	Motorola Inc Business Light Radios
482F6B	Hewlett Packard Enterprise
483A02	Fortinet, Inc.
4843DD	Amazon Technologies Inc.
484AE9	Hewlett Packard Enterprise
484EFC	Commscope
485B39	ASUSTek COMPUTER INC.
485F08	Tp-Link Technologies Co.,Ltd.
485F2D	Amazon Technologies Inc.
48785E	Amazon Technologies Inc.
487D2E	Tp-Link Technologies Co.,Ltd.
4883C7	Sagemcom Broadband SAS
488759	Xiaomi Communications Co Ltd
4888CA	Motorola (Wuhan) Mobility Technologies Communication Co., Ltd.
488D36	Arcadyan Corporation
488F5A	Routerboard.com
489BD5	Extreme Networks, Inc.
489ECB	Hewlett Packard Enterprise
48A6B8	Sonos, Inc.
48A98A	Routerboard.com
48AABB	Sagemcom Broadband SAS
48B423	Amazon Technologies Inc.
48B4C3	Hewlett Packard Enterprise
48C381	TP-Link Systems Inc.
48D24F	Sagemcom Broadband SAS
48D343	Commscope
48D6D5	Google, Inc.
48DF37	Hewlett Packard Enterprise
48E27E	Sagemcom Broadband SAS
48EDE6	Zyxel Communications Corporation
48EE0C	D-Link International
48F8B3	Cisco-Linksys, LLC
48FDA3	Xiaomi Communications Co Ltd
4C0220	Xiaomi Communications Co Ltd
4C09D4	Arcadyan Corporation
4C0A4E	Extreme Networks, Inc.
4C10D5	Tp-Link Technologies Co.,Ltd.
4C1265	Commscope
4C1744	Amazon Technologies Inc.
4C17EB	Sagemcom Broadband SAS
4C195D	Sagemcom Broadband SAS
4C1B86	Arcadyan Corporation
4C22F3	Arcadyan Corporation
4C231A	Extreme Networks, Inc.
4C38D8	Commscope
4C49E3	Xiaomi Communications Co Ltd
4C53FD	Amazon Technologies Inc.
4C55B2	Xiaomi Communications Co Ltd
4C5E0C	Routerboard.com
4C60AD	Amazon Technologies Inc.
4C60DE	Netgear
4C6371	Xiaomi Communications Co Ltd
4C80FB	Google, Inc.
4C8B30	Actiontec Electronics, Inc
4C8E19	Xiaomi Communications Co Ltd
4C9EFF	Zyxel Communications Corporation
4CABF8	Askey Computer Corp
4CAEA3	Hewlett Packard Enterprise
4CB1CD	Ruckus Wireless
4CC53E	Zyxel Communications Corporation
4CC64C	Beijing Xiaomi Mobile Software Co., Ltd
4CCC34	Motorola Solutions Inc.
4CD546	Hewlett Packard Enterprise
4CD587	Hewlett Packard Enterprise
4CE0DB	Xiaomi Communications Co Ltd
4CE20F	Xiaomi Communications Co Ltd
4CE4B6	Motorola Mobility LLC, a Lenovo Company
4CEDDE	Askey Computer Corp
4CEDFB	ASUSTek COMPUTER INC.
4CEFC0	Amazon Technologies Inc.
4CF202	Xiaomi Communications Co Ltd
4CFBFE	Sercomm Japan Corporation
5007C3	Amazon Technologies Inc.
500A9C	Extreme Networks, Inc.
500FF5	Tenda Technology Co.,Ltd.Dongguan branch
50131D	Motorola Mobility LLC, a Lenovo Company
5016F4	Motorola Mobility LLC, a Lenovo Company
502B73	Tenda Technology Co.,Ltd.Dongguan branch
502FBB	Motorola Mobility LLC, a Lenovo Company
503DC6	Xiaomi Communications Co Ltd
503DD1	TP-Link Systems Inc.
503EAA	Tp-Link Technologies Co.,Ltd.
504472	Motorola Mobility LLC, a Lenovo Company
50465D	ASUSTek COMPUTER INC.
504A6E	Netgear
504F3B	Beijing Xiaomi Mobile Software Co., Ltd
505FB5	Askey Computer Corp
50642B	XIAOMI Electronics,CO.,LTD
5067F0	Zyxel Communications Corporation
506A03	Netgear
506F0C	Sagemcom Broadband SAS
5075F1	Commscope
507E5D	Arcadyan Corporation
508811	Beijing Xiaomi Mobile Software Co., Ltd
508E49	Xiaomi Communications Co Ltd
508F4C	Xiaomi Communications Co Ltd
5091E3	TP-Link Systems Inc
50926A	Beijing Xiaomi Mobile Software Co., Ltd
509551	Commscope
509839	Xiaomi Communications Co Ltd
50995A	Amazon Technologies Inc.
50A009	Xiaomi Communications Co Ltd
50A5DC	Commscope
50A733	Ruckus Wireless
50BD5F	Tp-Link Technologies Co.,Ltd.
50C7BF	Tp-Link Technologies Co.,Ltd.
50D2F5	Beijing Xiaomi Mobile Software Co., Ltd
50D45C	Amazon Technologies Inc.
50D4F7	Tp-Link Technologies Co.,Ltd.
50DA9E	Shen Zhen Tenda Technology Co.,Ltd
50DAD6	Xiaomi Communications Co Ltd
50DCE7	Amazon Technologies Inc.
50E039	Zyxel Communications Corporation
50E4E0	Hewlett Packard Enterprise
50EBF6	ASUSTek COMPUTER INC.
50EC50	Beijing Xiaomi Mobile Software Co., Ltd
50F5DA	Amazon Technologies Inc.
50FA84	Tp-Link Technologies Co.,Ltd.
50FE39	Beijing Xiaomi Mobile Software Co., Ltd
5404A6	ASUSTek COMPUTER INC.
54077D	Netgear
542758	Motorola (Wuhan) Mobility Technologies Communication Co., Ltd.
542A1B	Sonos, Inc.
542B1C	Amazon Technologies Inc.
543CED	Sagemcom Broadband SAS
543D37	Ruckus Wireless
543D60	Arcadyan Corporation
5447CC	Sagemcom Broadband SAS
5448E6	Beijing Xiaomi Mobile Software Co., Ltd
546009	Google, Inc.
5464D9	Sagemcom Broadband SAS
5465DE	Commscope
546749	Google, Inc.
546751	Compal Broadband Networks, Inc.
547595	Tp-Link Technologies Co.,Ltd.
54778A	Hewlett Packard Enterprise
548028	Hewlett Packard Enterprise
54833A	Zyxel Communications Corporation
54A050	ASUSTek COMPUTER INC.
54A703	Tp-Link Technologies Co.,Ltd.
54AF97	TP-Link Systems Inc
54B27E	Sagemcom Broadband SAS
54B7BD	Arcadyan Corporation
54B80A	D-Link International
54C45B	Arcadyan Corporation
54C80F	Tp-Link Technologies Co.,Ltd.
54D7E3	Hewlett Packard Enterprise
54E2E0	Commscope
54E6FC	Tp-Link Technologies Co.,Ltd.
54EC2F	Ruckus Wireless
54ECB0	Sercomm France Sarl
54F0B1	Hewlett Packard Enterprise
58044F	TP-Link Systems Inc.
580987	Amazon Technologies Inc.
580E85	Sagemcom Broadband SAS
581122	ASUSTek COMPUTER INC.
5819F8	Commscope
581DD8	Sagemcom Broadband SAS
582059	Xiaomi Communications Co Ltd
582429	Google, Inc.
582FF7	Sagemcom Broadband SAS
584120	Tp-Link Technologies Co.,Ltd.
584498	Xiaomi Communications Co Ltd
5856E8	Commscope
5858CD	Extreme Networks, Inc.
5859C2	Extreme Networks, Inc.
5860D8	Commscope
58687A	Sagemcom Broadband SAS
586D0C	Hewlett Packard Enterprise
586D8F	Cisco-Linksys, LLC
588BF3	Zyxel Communications Corporation
589043	Sagemcom Broadband SAS
589396	Ruckus Wireless
589A3E	Amazon Technologies Inc.
58A8E8	Amazon Technologies Inc.
58B623	Beijing Xiaomi Mobile Software Co., Ltd
58B633	Ruckus Wireless
58CB52	Google, Inc.
58D56E	D-Link International
58D61F	Ubiquiti Inc
58D812	TP-Link Systems Inc.
58D9C3	Motorola Mobility LLC, a Lenovo Company
58D9D5	Tenda Technology Co.,Ltd.Dongguan branch
58E488	Amazon Technologies Inc.
58EA1F	Beijing Xiaomi Mobile Software Co., Ltd
58EF68	Belkin International Inc.
58FB96	Ruckus Wireless
5C0214	Beijing Xiaomi Mobile Software Co., Ltd
5C0E8B	Extreme Networks, Inc.
5C337B	Google, Inc.
5C353B	Compal Broadband Networks, Inc.
5C35FC	Actiontec Electronics Inc.
5C4071	Xiaomi Communications Co Ltd
5C415A	Amazon.com, LLC
5C5188	Motorola Mobility LLC, a Lenovo Company
5C571A	Commscope
5C628B	TP-Link Systems Inc
5C63B0	Fortinet, Inc.
5C63BF	Tp-Link Technologies Co.,Ltd.
5C648E	Zyxel Communications Corporation
5C6A80	Zyxel Communications Corporation
5C836C	Ruckus Wireless
5C899A	Tp-Link Technologies Co.,Ltd.
5C8B6B	Amazon Technologies Inc.
5C8FE0	Commscope
5CA47D	Hewlett Packard Enterprise
5CA64F	TP-Link Systems Inc.
5CA6E6	TP-Link Systems Inc
5CAAFD	Sonos, Inc.
5CB066	Commscope
5CB13E	Sagemcom Broadband SAS
5CBA2C	Hewlett Packard Enterprise
5CD06E	Xiaomi Communications Co Ltd
5CD998	D-Link Corporation
5CDC96	Arcadyan Corporation
5CDF89	Ruckus Wireless
5CE28C	Zyxel Communications Corporation
5CE30E	Commscope
5CE50C	Beijing Xiaomi Mobile Software Co., Ltd
5CE931	TP-Link Systems Inc
5CED8C	Hewlett Packard Enterprise
5CF4AB	Zyxel Communications Corporation
5CFA25	Sagemcom Broadband SAS
60156F	TP-Link Systems Inc.
601971	Commscope
601D56	Extreme Networks, Inc.
601D91	Motorola Mobility LLC, a Lenovo Company
602232	Ubiquiti Inc
6025ED	Hewlett Packard Enterprise
6026EF	Hewlett Packard Enterprise
60292B	Tp-Link Technologies Co.,Ltd.
602D74	Extreme Networks, Inc.
603197	Zyxel Communications Corporation
6032B1	Tp-Link Technologies Co.,Ltd.
6038E0	Belkin International Inc.
603A7C	Tp-Link Technologies Co.,Ltd.
6045CB	ASUSTek COMPUTER INC.
6045CD	Sagemcom Broadband SAS
6045E8	Arcadyan Corporation
60634C	D-Link International
606EE8	Xiaomi Communications Co Ltd
60706C	Google, Inc.
6083E7	TP-Link Systems Inc
608CE6	Commscope
608D26	Arcadyan Corporation
6092F5	Commscope
6095F8	Arcadyan Corporation
60A3E3	Tp-Link Technologies Co.,Ltd.
60A44C	ASUSTek COMPUTER INC.
60A4B7	TP-Link Systems Inc
60AB67	Xiaomi Communications Co Ltd
60B76E	Google, Inc.
60BEB5	Motorola Mobility LLC, a Lenovo Company
60CE86	Sercomm Corporation.
60CF84	ASUSTek COMPUTER INC.
60D02C	Ruckus Wireless
60D248	Commscope
60E327	Tp-Link Technologies Co.,Ltd.
60F620	Sonos Inc.
60F723	Beijing Xiaomi Mobile Software Co., Ltd
6402CB	Commscope
640980	Xiaomi Communications Co Ltd
6411A4	Motorola Mobility LLC, a Lenovo Company
641269	Commscope
6418DF	Sagemcom Broadband SAS
642943	D-Link Corporation
6455B1	Commscope
645601	Tp-Link Technologies Co.,Ltd.
646306	Xiaomi Communications Co Ltd
64644A	Beijing Xiaomi Mobile Software Co., Ltd
646624	Sagemcom Broadband SAS
6466B3	Tp-Link Technologies Co.,Ltd.
646772	Sercomm Philippines Inc
646E97	Tp-Link Technologies Co.,Ltd.
647002	Tp-Link Technologies Co.,Ltd.
6475DA	Arcadyan Corporation
647999	Sagemcom Broadband SAS
647B1E	Sagemcom Broadband SAS
647D4D	Arcadyan Corporation
6490C1	Beijing Xiaomi Mobile Software Co., Ltd
649D38	Google, Inc.
649E31	Beijing Xiaomi Mobile Software Co., Ltd
64A200	Xiaomi Communications Co Ltd
64B473	Xiaomi Communications Co Ltd
64C9F1	Amazon Technologies Inc.
64CC22	Arcadyan Corporation
64CC2E	Xiaomi Communications Co Ltd
64CDC2	Amazon Technologies Inc.
64D154	Routerboard.com
64DB43	Motorola (Wuhan) Mobility Technologies Communication Co., Ltd.
64DD68	Zyxel Communications Corporation
64DDE9	Xiaomi Communications Co Ltd
64E881	Hewlett Packard Enterprise
64ED57	Commscope
64EEB7	Netis Technology Co., Ltd.
64FA2B	Sagemcom Broadband SAS
64FD96	Sagemcom Broadband SAS
6802B8	Compal Broadband Networks, Inc.
6813F3	Amazon Technologies Inc.
681590	Sagemcom Broadband SAS
6828CF	Hewlett Packard Enterprise
682E3C	Ubiquiti Inc
6833EE	Commscope
6837E9	Amazon Technologies Inc.
684DB6	Xiaomi Communications Co Ltd
685134	Hewlett Packard Enterprise
6854FD	Amazon Technologies Inc.
6867C7	Sagemcom Broadband SAS
687251	Ubiquiti Inc
687724	Tp-Link Technologies Co.,Ltd.
687F74	Cisco-Linksys, LLC
687FF0	TP-Link Systems Inc
68871C	Motorola Mobility LLC, a Lenovo Company
689234	Ruckus Wireless
689268	Motorola Mobility LLC, a Lenovo Company
689A87	Amazon Technologies Inc.
689FD4	Amazon Technologies Inc.
68ABA9	Sagemcom Broadband SAS
68ABBC	Beijing Xiaomi Mobile Software Co., Ltd
68B691	Amazon Technologies Inc.
68B8BB	Beijing Xiaomi Electronics Co.,Ltd
68C44C	Xiaomi Communications Co Ltd
68C44D	Motorola Mobility LLC, a Lenovo Company
68CCAE	Fortinet, Inc.
68D79A	Ubiquiti Inc
68DBF5	Amazon Technologies Inc.
68DDB7	Tp-Link Technologies Co.,Ltd.
68DFDD	Xiaomi Communications Co Ltd
68F63B	Amazon Technologies Inc.
68FDE8	Ruckus Wireless
68FF7B	Tp-Link Technologies Co.,Ltd.
6C0370	Extreme Networks, Inc.
6C0C9A	Amazon Technologies Inc.
6C0DC4	Beijing Xiaomi Electronics Co., Ltd.
6C15DB	Arcadyan Corporation
6C198F	D-Link International
6C2E85	Sagemcom Broadband SAS
6C3B6B	Routerboard.com
6C483F	Xiaomi Communications Co Ltd
6C4CBC	TP-Link Systems Inc.
6C4F89	Zyxel Communications Corporation
6C55B1	Amazon Technologies Inc.
6C5697	Amazon Technologies Inc.
6C5AB0	TP-Link Systems Inc
6C639C	Commscope
6C63F8	Ubiquiti Inc
6C688A	Amazon Technologies Inc.
6C7220	D-Link International
6C976D	Motorola Mobility LLC, a Lenovo Company
6C9961	Sagemcom Broadband SAS
6C999D	Amazon Technologies Inc.
6CA604	Commscope
6CAAB3	Ruckus Wireless
6CB0CE	Netgear
6CB158	Tp-Link Technologies Co.,Ltd.
6CBAB8	Sagemcom Broadband SAS
6CC1D2	Commscope
6CC49F	Hewlett Packard Enterprise
6CCA08	Commscope
6CCDD6	Netgear
6CE873	Tp-Link Technologies Co.,Ltd.
6CF37F	Hewlett Packard Enterprise
6CF784	Xiaomi Communications Co Ltd
6CFFCE	Sagemcom Broadband SAS
700B01	Sagemcom Broadband SAS
70106F	Hewlett Packard Enterprise
70217F	Xiaomi Communications Co Ltd
70287D	Google, Inc.
70320C	Ruckus Wireless
703A0E	Hewlett Packard Enterprise
703A51	Xiaomi Communications Co Ltd
703ACB	Google, Inc.
703E76	Arcadyan Corporation
704777	Ruckus Wireless
7049A2	Zyxel Communications Corporation
704CA5	Fortinet, Inc.
704D7B	ASUSTek COMPUTER INC.
704F57	Tp-Link Technologies Co.,Ltd.
704FB8	Commscope
705425	Commscope
7058A4	Actiontec Electronics Inc.
705FA3	Xiaomi Communications Co Ltd
7062B8	D-Link International
7070AA	Amazon Technologies Inc.
707630	Commscope
707DA1	Sagemcom Broadband SAS
707E43	Commscope
708536	Arcadyan Corporation
7085C6	Commscope
708BCD	ASUSTek COMPUTER INC.
709741	Arcadyan Corporation
709751	Beijing Xiaomi Mobile Software Co., Ltd
70A741	Ubiquiti Inc
70AD43	Blink by Amazon
70B14E	Commscope
70B258	Ruckus Wireless
70BBE9	Xiaomi Communications Co Ltd
70CA97	Ruckus Wireless
70DFF7	Commscope
70F196	Actiontec Electronics, Inc
70F220	Actiontec Electronics, Inc
7405A5	Tp-Link Technologies Co.,Ltd.
741213	Linksys USA, Inc
741348	Blink by Amazon
74136A	Motorola Mobility LLC, a Lenovo Company
741575	Xiaomi Communications Co Ltd
742344	Xiaomi Communications Co Ltd
743170	Arcadyan Corporation
74317E	Ruckus Wireless
74375F	Sercomm Philippines Inc
743822	Xiaomi Communications Co Ltd
743989	Tp-Link Technologies Co.,Ltd.
743CDE	Hewlett Packard Enterprise
743E2B	Ruckus Wireless
744401	Netgear
744D28	Routerboard.com
7451BA	Xiaomi Communications Co Ltd
745612	Commscope
7458F3	Amazon Technologies Inc.
7467F7	Extreme Networks, Inc.
747446	Google, Inc.
747548	Amazon Technologies Inc.
7478A6	Fortinet, Inc.
7483C2	Ubiquiti Inc
748A0D	Commscope
7490BC	Arcadyan Corporation
74911A	Ruckus Wireless
7493DA	Askey Computer Corp
749D79	Sercomm Corporation.
749E75	Hewlett Packard Enterprise
74A7EA	Amazon Technologies Inc.
74AB93	Blink by Amazon
74ACB9	Ubiquiti Inc
74B059	Motorola Mobility LLC, a Lenovo Company
74BEF3	Motorola Mobility LLC, a Lenovo Company
74C246	Amazon Technologies Inc.
74CA60	Sonos, Inc.
74D02B	ASUSTek COMPUTER INC.
74D423	Amazon Technologies Inc.
74D637	Amazon Technologies Inc.
74DA88	Tp-Link Technologies Co.,Ltd.
74DADA	D-Link International
74DDF0	Shen Zhen Tenda Technology Co.,Ltd
74E20C	Amazon Technologies Inc.
74E7C6	Commscope
74EA3A	Tp-Link Technologies Co.,Ltd.
74EAE8	Commscope
74ECB2	Amazon Technologies Inc.
74F2FA	Xiaomi Communications Co Ltd
74F612	Commscope
74F92C	Ubiquiti Inc
74FA29	Ubiquiti Inc
74FECE	TP-Link Systems Inc
7802F8	Xiaomi Communications Co Ltd
7811DC	XIAOMI Electronics,CO.,LTD
7818EC	Fortinet, Inc.
782051	TP-Link Systems Inc.
7823AE	Commscope
7824AF	ASUSTek COMPUTER INC.
7828CA	Sonos, Inc.
7829ED	Askey Computer Corp
78321B	D-Link International
7844FD	Tp-Link Technologies Co.,Ltd.
784558	Ubiquiti Inc
785333	Beijing Xiaomi Electronics Co.,Ltd
78542E	D-Link International
78605B	Tp-Link Technologies Co.,Ltd.
786559	Sagemcom Broadband SAS
786A1F	Commscope
786C84	Amazon Technologies Inc.
78719C	Commscope
787D53	Extreme Networks, Inc.
788102	Sercomm Corporation.
788A20	Ubiquiti Inc
788CB5	TP-Link Systems Inc
788DAF	Sagemcom Broadband SAS
7894B4	Sercomm Corporation.
789684	Commscope
7896A3	Extreme Networks, Inc.
7898E8	D-Link International
789987	Xiaomi Communications Co Ltd
789A18	Routerboard.com
789F6A	Ruckus Wireless
78A03F	Amazon Technologies Inc.
78A106	Tp-Link Technologies Co.,Ltd.
78C213	Sagemcom Broadband SAS
78C57D	Zyxel Communications Corporation
78D294	Netgear
78D6DC	Motorola (Wuhan) Mobility Technologies Communication Co., Ltd.
78D840	Xiaomi Communications Co Ltd
78DD12	Arcadyan Corporation
78E103	Amazon Technologies Inc.
7C034C	Sagemcom Broadband SAS
7C035E	Xiaomi Communications Co Ltd
7C03AB	Xiaomi Communications Co Ltd
7C03D8	Sagemcom Broadband SAS
7C10C9	ASUSTek COMPUTER INC.
7C1689	Sagemcom Broadband SAS
7C19E3	Google, Inc.
7C1DD9	Xiaomi Communications Co Ltd
7C2634	Commscope
7C2664	Sagemcom Broadband SAS
7C2ADB	Xiaomi Communications Co Ltd
7C2EBD	Google, Inc.
7C4685	Motorola (Wuhan) Mobility Technologies Communication Co., Ltd.
7C49EB	XIAOMI Electronics,CO.,LTD
7C4FB5	Arcadyan Corporation
7C573C	Hewlett Packard Enterprise
7C6166	Amazon Technologies Inc.
7C6305	Amazon Technologies Inc.
7C7716	Zyxel Communications Corporation
7C7B1C	Motorola Mobility LLC, a Lenovo Company
7C8BCA	Tp-Link Technologies Co.,Ltd.
7C95B1	Extreme Networks, Inc.
7C9824	Sagemcom Broadband SAS
7CA05E	Motorola Mobility LLC, a Lenovo Company
7CA449	Xiaomi Communications Co Ltd
7CA4F7	Extreme Networks, Inc.
7CA53E	Motorola Mobility LLC, a Lenovo Company
7CA62A	Hewlett Packard Enterprise
7CA8EC	Hewlett Packard Enterprise
7CB59B	Tp-Link Technologies Co.,Ltd.
7CB733	Askey Computer Corp
7CBFB1	Commscope
7CC294	Beijing Xiaomi Mobile Software Co., Ltd
7CC2C6	TP-Link Systems Inc
7CD4A8	Sagemcom Broadband SAS
7CD566	Amazon Technologies Inc.
7CD661	Xiaomi Communications Co Ltd
7CD95C	Google, Inc.
7CDB98	Askey Computer Corp
7CE87F	Sagemcom Broadband SAS
7CEDC6	Amazon Technologies Inc.
7CF17E	TP-Link Systems Inc
7CFD6B	Xiaomi Communications Co Ltd
800384	Ruckus Wireless
800CF9	Amazon Technologies Inc.
8020DA	Sagemcom Broadband SAS
802689	D-Link International
802AA8	Ubiquiti Inc
8030E0	Hewlett Packard Enterprise
8035C1	Xiaomi Communications Co Ltd
803773	Netgear
803C04	TP-Link Systems Inc.
804AF2	Sonos, Inc.
8058F8	Motorola Mobility LLC, a Lenovo Company
805A70	Fortinet, Inc.
80691A	Belkin International Inc.
806C1B	Motorola Mobility LLC, a Lenovo Company
806D71	Amazon Technologies Inc.
807871	Askey Computer Corp
80802C	Fortinet, Inc.
8082FE	Arcadyan Corporation
808917	Tp-Link Technologies Co.,Ltd.
808DB7	Hewlett Packard Enterprise
808F1D	Tp-Link Technologies Co.,Ltd.
808F97	Xiaomi Communications Co Ltd
809562	Extreme Networks, Inc.
8096B1	Commscope
809FE4	Shen Zhen Tenda Technology Co.,Ltd
80A63C	Amazon Technologies Inc.
80AD16	Xiaomi Communications Co Ltd
80AE54	Tp-Link Technologies Co.,Ltd.
80BC37	Ruckus Wireless
80CC9C	Netgear
80E540	Commscope
80E63C	Xiaomi Communications Co Ltd
80EA07	Tp-Link Technologies Co.,Ltd.
80EA0B	Zyxel Communications Corporation
80F0CF	Ruckus Wireless
80F503	Commscope
84100D	Motorola Mobility LLC, a Lenovo Company
8416F9	Tp-Link Technologies Co.,Ltd.
84183A	Ruckus Wireless
841B5E	Netgear
841EA3	Sagemcom Broadband SAS
842388	Ruckus Wireless
842859	Amazon Technologies Inc.
84398F	Fortinet, Inc.
843E03	Sagemcom Broadband SAS
844693	Beijing Xiaomi Mobile Software Co., Ltd
844880	Amazon Technologies Inc.
8457EB	Motorola Mobility LLC, a Lenovo Company
8461A0	Commscope
847848	Ubiquiti Inc
84900A	Arcadyan Corporation
8496D8	Commscope
849CA6	Arcadyan Corporation
84A06E	Sagemcom Broadband SAS
84A1D1	Sagemcom Broadband SAS
84A329	Arcadyan Corporation
84A423	Sagemcom Broadband SAS
84A824	Google, Inc.
84AEDE	Xiaomi Communications Co Ltd
84B890	Tp-Link Technologies Co.,Ltd.
84B8B8	Motorola (Wuhan) Mobility Technologies Communication Co., Ltd.
84BB69	Commscope
84C9B2	D-Link International
84D47E	Hewlett Packard Enterprise
84D6D0	Amazon Technologies Inc.
84D81B	Tp-Link Technologies Co.,Ltd.
84E058	Commscope
84E892	Actiontec Electronics, Inc
880348	Sercomm Philippines Inc
880355	Arcadyan Corporation
880FA2	Sagemcom Broadband SAS
88225B	Hewlett Packard Enterprise
882510	Hewlett Packard Enterprise
88252C	Arcadyan Corporation
882593	Tp-Link Technologies Co.,Ltd.
8829BF	Amazon Technologies Inc.
882F92	Xiaomi Communications Co Ltd
883374	Askey Computer Corp
883A30	Hewlett Packard Enterprise
883D24	Google, Inc.
884604	Xiaomi Communications Co Ltd
8852EB	Xiaomi Communications Co Ltd
88541F	Google, Inc.
885BDD	Extreme Networks, Inc.
886C60	Xiaomi Communications Co Ltd
8871B1	Commscope
8871E5	Amazon Technologies Inc.
8876B9	D-Link Corporation
88797E	Motorola Mobility LLC, a Lenovo Company
887E25	Extreme Networks, Inc.
88964E	Commscope
889986	Tp-Link Technologies Co.,Ltd.
88A6C6	Sagemcom Broadband SAS
88ACC0	Zyxel Communications Corporation
88B4A6	Motorola Mobility LLC, a Lenovo Company
88B951	Xiaomi Communications Co Ltd
88BD09	Netis Technology Co., Ltd.
88C344	Google, Inc.
88C397	Beijing Xiaomi Mobile Software Co., Ltd
88D7F6	ASUSTek COMPUTER INC.
88DC96	EnGenius Technologies, Inc.
88DE7C	Askey Computer Corp
88E9A4	Hewlett Packard Enterprise
88EF16	Commscope
88F3D5	Zyxel Communications Corporation
88FEB6	Askey Computer Corp
8C0528	Shen Zhen Tenda Technology Co.,Ltd
8C09F4	Commscope
8C0C90	Ruckus Wireless
8C10D4	Sagemcom Broadband SAS
8C1952	Amazon Technologies Inc.
8C19B5	Arcadyan Corporation
8C210A	Tp-Link Technologies Co.,Ltd.
8C2A85	Amazon Technologies Inc.
8C3066	Ubiquiti Inc
8C3BAD	Netgear
8C44BB	Shen Zhen Tenda Technology Co.,Ltd
8C497A	Extreme Networks, Inc.
8C4E46	Motorola Mobility LLC, a Lenovo Company
8C4EBB	Amazon Technologies Inc.
8C53C3	Beijing Xiaomi Mobile Software Co., Ltd
8C5973	Zyxel Communications Corporation
8C5A25	Commscope
8C5AF8	Beijing Xiaomi Electronics Co., Ltd.
8C5BF0	Commscope
8C61A3	Commscope
8C763F	Commscope
8C7779	Arcadyan Corporation
8C7909	Hewlett Packard Enterprise
8C7A15	Ruckus Wireless
8C7A3D	Xiaomi Communications Co Ltd
8C7F3B	Commscope
8C8394	Arcadyan Corporation
8C85C1	Hewlett Packard Enterprise
8C86DD	TP-Link Systems Inc.
8C902D	TP-Link Systems Inc.
8C9A8F	Sagemcom Broadband SAS
8CA6DF	Tp-Link Technologies Co.,Ltd.
8CAACE	Xiaomi Communications Co Ltd
8CBEBE	Xiaomi Communications Co Ltd
8CC5B4	Sagemcom Broadband SAS
8CD0B2	Beijing Xiaomi Mobile Software Co., Ltd
8CD9D6	Xiaomi Communications Co Ltd
8CDEF9	Beijing Xiaomi Mobile Software Co., Ltd
8CEDE1	Ubiquiti Inc
8CF112	Motorola Mobility LLC, a Lenovo Company
8CFDDE	Sagemcom Broadband SAS
8CFE74	Ruckus Wireless
90013B	Sagemcom Broadband SAS
900CC8	Google, Inc.
900DCB	Commscope
901195	Amazon Technologies Inc.
901ACA	Commscope
901F94	TP-Link Systems Inc.
9020C2	Hewlett Packard Enterprise
90235B	Amazon Technologies Inc.
902AEE	Xiaomi Communications Co Ltd
90395F	Amazon Technologies Inc.
903A72	Ruckus Wireless
903EAB	Commscope
9041B2	Ubiquiti Inc
904C81	Hewlett Packard Enterprise
904D4A	Sagemcom Broadband SAS
9051F8	Hewlett Packard Enterprise
905C44	Compal Broadband Networks, Inc.
9068C3	Motorola Mobility LLC, a Lenovo Company
906CAC	Fortinet, Inc.
907282	Sagemcom Broadband SAS
90735A	Motorola Mobility LLC, a Lenovo Company
9078B2	Xiaomi Communications Co Ltd
908D78	D-Link International
90935A	Commscope
9094E4	D-Link International
909A4A	Tp-Link Technologies Co.,Ltd.
909D7D	Commscope
909F22	Zyxel Communications Corporation
90A822	Amazon Technologies Inc.
90AE1B	Tp-Link Technologies Co.,Ltd.
90B134	Commscope
90B141	Motorola Mobility LLC, a Lenovo Company
90B832	Extreme Networks, Inc.
90B9F9	Motorola Mobility LLC, a Lenovo Company
90C792	Commscope
90CAFA	Google, Inc.
90D3CF	Askey Computer Corp
90E6BA	ASUSTek COMPUTER INC.
90EF68	Zyxel Communications Corporation
90F652	Tp-Link Technologies Co.,Ltd.
90F82E	Amazon Technologies Inc.
90FB5D	Beijing Xiaomi Mobile Software Co., Ltd
940C6D	Tp-Link Technologies Co.,Ltd.
940F3B	Askey Computer Corp
94103E	Belkin International Inc.
941700	Xiaomi Communications Co Ltd
941865	Netgear
941882	Hewlett Packard Enterprise
941C56	Actiontec Electronics, Inc
941DD4	Google, Inc.
942A6F	Ubiquiti Inc
943251	Askey Computer Corp
943A91	Amazon Technologies Inc.
943B22	Netgear
943C96	Sagemcom Broadband SAS
943FC2	Hewlett Packard Enterprise
9440C9	Hewlett Packard Enterprise
944452	Belkin International Inc.
944560	Google, Inc.
944A0C	Sercomm Corporation.
945915	Amazon Technologies Inc.
945AFC	Amazon Technologies Inc.
9460D5	Hewlett Packard Enterprise
946269	Commscope
94626D	Beijing Xiaomi Electronics Co.,Ltd
946424	Hewlett Packard Enterprise
946AB0	Arcadyan Corporation
94742E	Mercusys Technologies Co., Ltd.
947BAE	Xiaomi Communications Co Ltd
94877C	Commscope
9487E0	Xiaomi Communications Co Ltd
948B93	Xiaomi Communications Co Ltd
948FCF	Commscope
94917F	Askey Computer Corp
9495A0	Google, Inc.
94988F	Sagemcom Broadband SAS
949B2C	Extreme Networks, Inc.
949F3E	Sonos, Inc.
94A67E	Netgear
94B34F	Ruckus Wireless
94B40F	Hewlett Packard Enterprise
94BE46	Motorola (Wuhan) Mobility Technologies Communication Co., Ltd.
94BFC4	Ruckus Wireless
94C2EF	Askey Computer Corp
94CCB9	Commscope
94D331	Xiaomi Communications Co Ltd
94D9B3	Tp-Link Technologies Co.,Ltd.
94E8C5	Commscope
94EB2C	Google, Inc.
94EF50	TP-Link Systems Inc.
94F128	Hewlett Packard Enterprise
94F392	Fortinet, Inc.
94F665	Ruckus Wireless
94F7BE	Sercomm Philippines Inc
94FEF4	Sagemcom Broadband SAS
94FF06	Hewlett Packard Enterprise
94FF3C	Fortinet, Inc.
98038E	TP-Link Systems Inc.
980CA5	Motorola (Wuhan) Mobility Technologies Communication Co., Ltd.
980D67	Zyxel Communications Corporation
9812E0	Xiaomi Communications Co Ltd
98171A	Beijing Xiaomi Mobile Software Co., Ltd
981E19	Sagemcom Broadband SAS
98226E	Amazon Technologies Inc.
98254A	TP-Link Systems Inc
982BA6	Motorola Mobility LLC, a Lenovo Company
983A1F	Google, Inc.
984265	Sagemcom Broadband SAS
984827	Tp-Link Technologies Co.,Ltd.
984B4A	Commscope
986B3D	Commscope
987552	Xiaomi Communications Co Ltd
988B5D	Sagemcom Broadband SAS
988F00	Hewlett Packard Enterprise
9897CC	Tp-Link Technologies Co.,Ltd.
9898FB	Google, Inc.
98BA5F	TP-Link Systems Inc.
98CCF3	Amazon Technologies Inc.
98D293	Google, Inc.
98DAC4	Tp-Link Technologies Co.,Ltd.
98DED0	Tp-Link Technologies Co.,Ltd.
98E081	Beijing Xiaomi Mobile Software Co., Ltd
98EE94	Xiaomi Communications Co Ltd
98F2B3	Hewlett Packard Enterprise
98F621	Xiaomi Communications Co Ltd
98F781	Commscope
98F7D7	Commscope
98FAE3	Xiaomi Communications Co Ltd
98FC11	Cisco-Linksys, LLC
9C05D6	Ubiquiti Inc
9C1C12	Hewlett Packard Enterprise
9C1E95	Actiontec Electronics, Inc
9C216A	Tp-Link Technologies Co.,Ltd.
9C2472	Sagemcom Broadband SAS
9C28F7	Xiaomi Communications Co Ltd
9C2EA1	Xiaomi Communications Co Ltd
9C3426	Commscope
9C3708	Hewlett Packard Enterprise
9C3DCF	Netgear
9C4782	Tp-Link Technologies Co.,Ltd.
9C4F5F	Google, Inc.
9C5322	TP-Link Systems Inc
9C5A81	Xiaomi Communications Co Ltd
9C5C8E	ASUSTek COMPUTER INC.
9C5D12	Extreme Networks, Inc.
9C80DF	Arcadyan Corporation
9C862B	Motorola Solutions Malaysia Sdn. Bhd.
9C8CD8	Hewlett Packard Enterprise
9C99A0	Xiaomi Communications Co Ltd
9C9D7E	Beijing Xiaomi Mobile Software Co., Ltd
9C9ED5	Xiaomi Communications Co Ltd
9CA2F4	TP-Link Systems Inc
9CA615	Tp-Link Technologies Co.,Ltd.
9CBCA6	Hewlett Packard Enterprise
9CBCF0	Xiaomi Communications Co Ltd
9CC8E9	Amazon Technologies Inc.
9CC8FC	Commscope
9CC9EB	Netgear
9CD36D	Netgear
9CD643	D-Link International
9CD917	Motorola Mobility LLC, a Lenovo Company
9CDAB7	Hewlett Packard Enterprise
9CDC71	Hewlett Packard Enterprise
9CDC99	Extreme Networks, Inc.
A002DC	Amazon Technologies Inc.
A00460	Netgear
A01B29	Sagemcom Broadband SAS
A021B7	Netgear
A025D7	Hewlett Packard Enterprise
A02DDB	Sagemcom Broadband SAS
A036BC	ASUSTek COMPUTER INC.
A039EE	Sagemcom Broadband SAS
A039F9	Sagemcom Broadband SAS
A03C20	Sagemcom Broadband SAS
A040A0	Netgear
A0465A	Motorola Mobility LLC, a Lenovo Company
A0551F	Sagemcom Broadband SAS
A055DE	Commscope
A06391	Netgear
A0648F	Askey Computer Corp
A0687E	Commscope
A07F8A	Sagemcom Broadband SAS
A086C6	Xiaomi Communications Co Ltd
A08A06	Askey Computer Corp
A08E78	Sagemcom Broadband SAS
A09F7A	D-Link Middle East FZCO
A0A001	Hewlett Packard Enterprise
A0A3E2	Actiontec Electronics, Inc
A0A3F0	D-Link International
A0AB1B	D-Link International
A0AD9F	ASUSTek COMPUTER INC.
A0B15C	Google, Inc.
A0B549	Arcadyan Corporation
A0C562	Commscope
A0D0DC	Amazon Technologies Inc.
A0D2B1	Amazon Technologies Inc.
A0E4CB	Zyxel Communications Corporation
A0E7AE	Commscope
A0F3C1	Tp-Link Technologies Co.,Ltd.
A401DE	Sercomm Philippines Inc
A402B7	Amazon Technologies Inc.
A405D6	Commscope
A40801	Amazon Technologies Inc.
A408F5	Sagemcom Broadband SAS
A40E75	Hewlett Packard Enterprise
A41588	Commscope
A41A3A	Tp-Link Technologies Co.,Ltd.
A42249	Sagemcom Broadband SAS
A422B6	Motorola Mobility LLC, a Lenovo Company
A42A95	D-Link International
A42B8C	Netgear
A42BB0	Tp-Link Technologies Co.,Ltd.
A42DF1	Motorola Mobility LLC, a Lenovo Company
A439B3	Beijing Xiaomi Mobile Software Co., Ltd
A43FA7	Hewlett Packard Enterprise
A4438C	Commscope
A44519	Xiaomi Communications Co Ltd
A44BD5	Xiaomi Communications Co Ltd
A45046	Xiaomi Communications Co Ltd
A45590	Xiaomi Communications Co Ltd
A470D6	Motorola Mobility LLC, a Lenovo Company
A473AB	Extreme Networks, Inc.
A47733	Google, Inc.
A47AA4	Commscope
A49733	Askey Computer Corp
A49791	Extreme Networks, Inc.
A49813	Commscope
A4A930	Beijing Xiaomi Mobile Software Co., Ltd
A4BA70	Beijing Xiaomi Mobile Software Co., Ltd
A4C3BE	Xiaomi Communications Co Ltd
A4C788	Xiaomi Communications Co Ltd
A4C7F6	Extreme Networks, Inc.
A4CCB3	Xiaomi Communications Co Ltd
A4CEDA	Arcadyan Corporation
A4E287	Xiaomi Communications Co Ltd
A4EA8E	Extreme Networks, Inc.
A4ED4E	Commscope
A4F8FF	Ubiquiti Inc
A4FF9F	Xiaomi Communications Co Ltd
A80BFB	Ruckus Wireless
A811FC	Commscope
A8154D	Tp-Link Technologies Co.,Ltd.
A82948	TP-Link Systems Inc.
A829DC	TP-Link Systems Inc.
A82BD5	Xiaomi Communications Co Ltd
A83944	Actiontec Electronics, Inc
A842A1	TP-Link Systems Inc
A852D4	Hewlett Packard Enterprise
A8574E	Tp-Link Technologies Co.,Ltd.
A85BF7	Hewlett Packard Enterprise
A85E45	ASUSTek COMPUTER INC.
A8637D	D-Link International
A86A86	Xiaomi Communications Co Ltd
A86ABB	Sagemcom Broadband SAS
A86E84	TP-Link Systems Inc
A8705D	Commscope
A89675	Motorola Mobility LLC, a Lenovo Company
A897CD	Commscope
A89A93	Sagemcom Broadband SAS
A89C6C	Ubiquiti Inc
A89CED	Xiaomi Communications Co Ltd
A89FEC	Commscope
A8A237	Arcadyan Corporation
A8BA25	Hewlett Packard Enterprise
A8BD27	Hewlett Packard Enterprise
A8C647	Extreme Networks, Inc.
A8CA77	Amazon Technologies Inc.
A8D3F7	Arcadyan Corporation
A8E621	Amazon Technologies Inc.
A8F5DD	Commscope
AC1007	Arcadyan Corporation
AC15A2	TP-Link Systems Inc
AC1E9E	Xiaomi Communications Co Ltd
AC2205	Compal Broadband Networks, Inc.
AC220B	ASUSTek COMPUTER INC.
AC3B77	Sagemcom Broadband SAS
AC3EB1	Google, Inc.
AC416A	Amazon Technologies Inc.
AC46A7	Sercomm Philippines Inc
AC4DD9	Extreme Networks, Inc.
AC63BE	Amazon Technologies Inc.
AC6706	Ruckus Wireless
AC6784	Google, Inc.
AC712E	Fortinet, Inc.
AC7F8D	Extreme Networks, Inc.
AC84C6	Tp-Link Technologies Co.,Ltd.
AC84C9	Sagemcom Broadband SAS
AC8BA9	Ubiquiti Inc
AC8C46	Beijing Xiaomi Mobile Software Co., Ltd
AC9E17	ASUSTek COMPUTER INC.
ACA31E	Hewlett Packard Enterprise
ACA7F1	TP-Link Systems Inc.
ACB313	Commscope
ACB687	Arcadyan Corporation
ACC1EE	Xiaomi Communications Co Ltd
ACCCFC	Amazon Technologies Inc.
ACD75B	Sagemcom Broadband SAS
ACDB48	Commscope
ACDE01	Ruckus Wireless
ACDF9F	Arcadyan Corporation
ACE4D8	Xiaomi Communications Co Ltd
ACE6BB	Google, Inc.
ACEC80	Commscope
ACED32	Extreme Networks, Inc.
ACF1DF	D-Link International
ACF7F3	Xiaomi Communications Co Ltd
ACF8CC	Commscope
B01921	TP-Link Systems Inc
B01F8C	Hewlett Packard Enterprise
B01FF4	Sagemcom Broadband SAS
B027CF	Extreme Networks, Inc.
B02A43	Google, Inc.
B03956	Netgear
B0487A	Tp-Link Technologies Co.,Ltd.
B04AB4	Motorola Mobility LLC, a Lenovo Company
B04E26	Tp-Link Technologies Co.,Ltd.
B05B99	Sagemcom Broadband SAS
B05DD4	Commscope
B06A41	Google, Inc.
B06EBF	ASUSTek COMPUTER INC.
B0739C	Amazon Technologies Inc.
B077AC	Commscope
B07994	Motorola Mobility LLC, a Lenovo Company
B07C51	Ruckus Wireless
B07FB9	Netgear
B082E2	ASUSTek COMPUTER INC.
B083D6	Commscope
B08BA8	Amazon Technologies Inc.
B0924A	Sagemcom Broadband SAS
B0935B	Commscope
B09575	Tp-Link Technologies Co.,Ltd.
B0958E	Tp-Link Technologies Co.,Ltd.
B0982B	Sagemcom Broadband SAS
B09C63	Xiaomi Communications Co Ltd
B09CB2	Google, Inc.
B0A7B9	TP-Link Systems Inc
B0B28F	Sagemcom Broadband SAS
B0B2DC	Zyxel Communications Corporation
B0B867	Hewlett Packard Enterprise
B0B98A	Netgear
B0BBE5	Sagemcom Broadband SAS
B0BE76	Tp-Link Technologies Co.,Ltd.
B0C2C7	Motorola Mobility LLC, a Lenovo Company
B0C554	D-Link International
B0CFCB	Amazon Technologies Inc.
B0D5FB	Google, Inc.
B0DAF9	Commscope
B0DFC1	Tenda Technology Co.,Ltd.Dongguan branch
B0E235	Xiaomi Communications Co Ltd
B0E4D5	Google, Inc.
B0EABC	Askey Computer Corp
B0F7C4	Amazon Technologies Inc.
B0FC0D	Amazon Technologies Inc.
B0FC88	Sagemcom Broadband SAS
B405A1	Xiaomi Communications Co Ltd
B40F3B	Tenda Technology Co.,Ltd.Dongguan branch
B4107A	Amazon Technologies Inc.
B41324	Google, Inc.
B423A2	Google, Inc.
B42D56	Extreme Networks, Inc.
B437D8	D-Link (Shanghai) Limited Corp.
B43B52	Sagemcom Broadband SAS
B45BD1	TP-Link Systems Inc.
B45D50	Hewlett Packard Enterprise
B460ED	Beijing Xiaomi Mobile Software Co., Ltd
B4749F	Askey Computer Corp
B4750E	Belkin International Inc.
B479C8	Ruckus Wireless
B47AF1	Hewlett Packard Enterprise
B47C9C	Amazon Technologies Inc.
B47E9F	Xiaomi Communications Co Ltd
B482FE	Askey Computer Corp
B4A3BD	Extreme Networks, Inc.
B4A5EF	Sercomm Corporation.
B4B024	TP-Link Systems Inc
B4B2E9	Fortinet, Inc.
B4B742	Amazon Technologies Inc.
B4C0C3	TP-Link Systems Inc.
B4C4FC	Xiaomi Communications Co Ltd
B4C799	Extreme Networks, Inc.
B4E454	Amazon Technologies Inc.
B4E53E	Ruckus Wireless
B4EEB4	Askey Computer Corp
B4F267	Compal Broadband Networks, Inc.
B4F2E8	Commscope
B4FBE4	Ubiquiti Inc
B81619	Commscope
B81E0B	Extreme Networks, Inc.
B83446	Motorola Mobility LLC, a Lenovo Company
B8374B	Hewlett Packard Enterprise
B837B2	Hewlett Packard Enterprise
B83865	Hewlett Packard Enterprise
B83A08	Tenda Technology Co.,Ltd.Dongguan branch
B83A5A	Hewlett Packard Enterprise
B83BAB	Arcadyan Corporation
B83BCC	Xiaomi Communications Co Ltd
B85001	Extreme Networks, Inc.
B850D8	Beijing Xiaomi Mobile Software Co., Ltd
B852E0	Beijing Xiaomi Electronics Co.,Ltd
B85384	Xiaomi Communications Co Ltd
B85F98	Amazon Technologies Inc.
B86685	Sagemcom Broadband SAS
B869F4	Routerboard.com
B86AF1	Sagemcom Broadband SAS
B86CE0	Hewlett Packard Enterprise
B87BD4	Google, Inc.
B87CF2	Extreme Networks, Inc.
B87E39	Motorola Mobility LLC, a Lenovo Company
B88303	Hewlett Packard Enterprise
B88C2B	Sagemcom Broadband SAS
B894E7	Xiaomi Communications Co Ltd
B898AD	Motorola Mobility LLC, a Lenovo Company
B8A25D	Motorola Mobility LLC, a Lenovo Company
B8A386	D-Link International
B8D4E7	Hewlett Packard Enterprise
B8D526	Zyxel Communications Corporation
B8D94D	Sagemcom Broadband SAS
B8DB38	Google, Inc.
B8DC28	Extreme Networks, Inc.
B8E28C	Motorola Solutions Malaysia Sdn. Bhd.
B8E937	Sonos, Inc.
B8EA98	Xiaomi Communications Co Ltd
B8ECA3	Zyxel Communications Corporation
B8EE0E	Sagemcom Broadband SAS
B8F4A4	Google, Inc.
B8F853	Arcadyan Corporation
B8F883	Tp-Link Technologies Co.,Ltd.
B8FBB3	TP-Link Systems Inc.
B8FE96	Amazon Technologies Inc.
BC071D	TP-Link Systems Inc.
BC0F9A	D-Link International
BC1D89	Motorola Mobility LLC, a Lenovo Company
BC2228	D-Link International
BC2E48	Commscope
BC30D9	Arcadyan Corporation
BC33DB	Sagemcom Broadband SAS
BC34D6	Extreme Networks, Inc.
BC4699	Tp-Link Technologies Co.,Ltd.
BC5BD5	Commscope
BC6193	Xiaomi Communications Co Ltd
BC62CE	Netis Technology Co., Ltd.
BC644B	Commscope
BC6AD1	Xiaomi Communications Co Ltd
BC7EC3	Zyxel Communications Corporation
BC7FA4	Xiaomi Communications Co Ltd
BC96E5	Sercomm Philippines Inc
BC98DF	Motorola Mobility LLC, a Lenovo Company
BC9911	Zyxel Communications Corporation
BC9C8D	Ruckus Wireless
BC9FE4	Hewlett Packard Enterprise
BCA511	Netgear
BCAEC5	ASUSTek COMPUTER INC.
BCAF6E	Arcadyan Corporation
BCBF2E	ASUSTek COMPUTER INC.
BCCAB5	Commscope
BCCF4F	Zyxel Communications Corporation
BCD177	Tp-Link Technologies Co.,Ltd.
BCD5ED	Sagemcom Broadband SAS
BCD7A5	Hewlett Packard Enterprise
BCDF58	Google, Inc.
BCE001	Netis Technology Co., Ltd.
BCEE7B	ASUSTek COMPUTER INC.
BCF310	Extreme Networks, Inc.
BCF685	D-Link International
BCF87E	Arcadyan Corporation
BCFCE7	ASUSTek COMPUTER INC.
BCFFEB	Motorola Mobility LLC, a Lenovo Company
C005C2	Commscope
C006C3	TP-Link Systems Inc
C01693	Xiaomi Communications Co Ltd
C01C6A	Google, Inc.
C025E9	Tp-Link Technologies Co.,Ltd.
C02E5F	Zyxel Communications Corporation
C03A55	TP-Link Systems Inc.
C03C04	Sagemcom Broadband SAS
C03F0E	Netgear
C04A00	Tp-Link Technologies Co.,Ltd.
C05627	Belkin International Inc.
C05B44	Beijing Xiaomi Mobile Software Co., Ltd
C06118	Tp-Link Technologies Co.,Ltd.
C06B55	Motorola Mobility LLC, a Lenovo Company
C089AB	Commscope
C08ADE	Ruckus Wireless
C08C71	Motorola Mobility LLC, a Lenovo Company
C08D51	Amazon Technologies Inc.
C091B9	Amazon Technologies Inc.
C09435	Commscope
C095CF	Amazon Technologies Inc.
C0A00D	Commscope
C0A0BB	D-Link International
C0AC54	Sagemcom Broadband SAS
C0C1C0	Cisco-Linksys, LLC
C0C520	Ruckus Wireless
C0C522	Commscope
C0C70A	Ruckus Wireless
C0C9E3	Tp-Link Technologies Co.,Ltd.
C0D044	Sagemcom Broadband SAS
C0D7AA	Arcadyan Corporation
C0D962	Askey Computer Corp
C0E42D	Tp-Link Technologies Co.,Ltd.
C0FD6F	Sagemcom Broadband SAS
C0FFD4	Netgear
C4017C	Ruckus Wireless
C40415	Netgear
C40BCB	Xiaomi Communications Co Ltd
C4108A	Ruckus Wireless
C412F5	D-Link International
C413E2	Extreme Networks, Inc.
C43875	Sonos, Inc.
C43DC7	Netgear
C4411E	Belkin International Inc.
C4493E	Motorola Mobility LLC, a Lenovo Company
C46940	Xiaomi Communications Co Ltd
C46AB7	Xiaomi Communications Co Ltd
C46E1F	Tp-Link Technologies Co.,Ltd.
C4710F	Xiaomi Communications Co Ltd
C47154	Tp-Link Technologies Co.,Ltd.
C484C0	Motorola Mobility LLC, a Lenovo Company
C493BB	Beijing Xiaomi Mobile Software Co., Ltd
C49500	Amazon Technologies Inc.
C4969F	Amazon Technologies Inc.
C49A31	Zyxel Communications Corporation
C4A052	Motorola Mobility LLC, a Lenovo Company
C4A81D	D-Link International
C4AD34	Routerboard.com
C4E3CE	EnGenius Technologies, Inc.
C4E532	Arcadyan Corporation
C4E90A	D-Link International
C4E984	Tp-Link Technologies Co.,Ltd.
C4EB39	Sagemcom Broadband SAS
C4EB41	Sagemcom Broadband SAS
C4EB42	Sagemcom Broadband SAS
C4EB43	Sagemcom Broadband SAS
C803F5	Ruckus Wireless
C805A4	Motorola(Wuhan) Mobility Technologies Communication Co.,Ltd
C80873	Ruckus Wireless
C8102F	Netgear
C82832	Beijing Xiaomi Electronics Co., Ltd.
C82ADD	Google, Inc.
C83374	Zyxel Communications Corporation
C83A35	Tenda Technology Co., Ltd.
C83DDC	Xiaomi Communications Co Ltd
C83FB4	Commscope
C851FB	Extreme Networks, Inc.
C85261	Commscope
C8544B	Zyxel Communications Corporation
C85895	Motorola Mobility LLC, a Lenovo Company
C85CCC	Beijing Xiaomi Mobile Software Co., Ltd
C86000	ASUSTek COMPUTER INC.
C863FC	Commscope
C8665D	Extreme Networks, Inc.
C8675E	Extreme Networks, Inc.
C86C3D	Amazon Technologies Inc.
C86C87	Zyxel Communications Corporation
C8787D	D-Link Corporation
C87F54	ASUSTek COMPUTER INC.
C8848C	Ruckus Wireless
C891F9	Sagemcom Broadband SAS
C899B2	Arcadyan Corporation
C89E43	Netgear
C89F0C	Motorola Mobility LLC, a Lenovo Company
C8A1DC	Motorola Mobility LLC, a Lenovo Company
C8A608	Ruckus Wireless
C8AA21	Commscope
C8B373	Cisco-Linksys, LLC
C8B422	Askey Computer Corp
C8B5AD	Hewlett Packard Enterprise
C8BE19	D-Link International
C8BE35	Extreme Networks, Inc.
C8BF4C	Beijing Xiaomi Mobile Software Co., Ltd
C8C750	Motorola Mobility LLC, a Lenovo Company
C8CD72	Sagemcom Broadband SAS
C8D3A3	D-Link International
C8D719	Cisco-Linksys, LLC
C8D959	Motorola Mobility LLC, a Lenovo Company
CC00F1	Sagemcom Broadband SAS
CC033D	Beijing Xiaomi Mobile Software Co., Ltd
CC08FB	Tp-Link Technologies Co.,Ltd.
CC0DF2	Motorola Mobility LLC, a Lenovo Company
CC1B5A	Ruckus Wireless
CC2293	Amazon Technologies Inc.
CC28AA	ASUSTek COMPUTER INC.
CC2D21	Tenda Technology Co.,Ltd.Dongguan branch
CC2DD2	Ruckus Wireless
CC2DE0	Routerboard.com
CC32E5	Tp-Link Technologies Co.,Ltd.
CC33BB	Sagemcom Broadband SAS
CC3429	Tp-Link Technologies Co.,Ltd.
CC35D9	Ubiquiti Inc
CC3E79	Commscope
CC40D0	Netgear
CC4210	Xiaomi Communications Co Ltd
CC4D75	Beijing Xiaomi Mobile Software Co., Ltd
CC5830	Sagemcom Broadband SAS
CC5D4E	Zyxel Communications Corporation
CC61E5	Motorola Mobility LLC, a Lenovo Company
CC65AD	Commscope
CC68B6	TP-Link Systems Inc
CC75E2	Commscope
CC7D37	Commscope
CC88C7	Hewlett Packard Enterprise
CC9EA2	Amazon Technologies Inc.
CCA462	Commscope
CCA7C1	Google, Inc.
CCAFE3	Amazon Technologies Inc.
CCB148	Arcadyan Corporation
CCB255	D-Link International
CCB5D1	Beijing Xiaomi Mobile Software Co., Ltd
CCBABD	TP-Link Systems Inc.
CCC3EA	Motorola Mobility LLC, a Lenovo Company
CCD083	Hewlett Packard Enterprise
CCD42E	Arcadyan Corporation
CCD843	Beijing Xiaomi Mobile Software Co., Ltd
CCDA20	Beijing Xiaomi Mobile Software Co., Ltd
CCEB5E	Xiaomi Communications Co Ltd
CCF411	Google, Inc.
CCF735	Amazon Technologies Inc.
CCFAF1	Sagemcom Broadband SAS
D00401	Motorola Mobility LLC, a Lenovo Company
D0052A	Arcadyan Corporation
D015A6	Hewlett Packard Enterprise
D017C2	ASUSTek COMPUTER INC.
D01BF4	Sagemcom Broadband SAS
D021F9	Ubiquiti Inc
D032C3	D-Link Corporation
D03745	Tp-Link Technologies Co.,Ltd.
D039B3	Commscope
D04DC6	Hewlett Packard Enterprise
D04F58	Ruckus Wireless
D05794	Sagemcom Broadband SAS
D06726	Hewlett Packard Enterprise
D06DC9	Sagemcom Broadband SAS
D06EDE	Sagemcom Broadband SAS
D076E7	Tp-Link Technologies Co.,Ltd.
D07714	Motorola Mobility LLC, a Lenovo Company
D084B0	Sagemcom Broadband SAS
D09C7A	Xiaomi Communications Co Ltd
D0AE05	Xiaomi Communications Co Ltd
D0C1BF	Xiaomi Communications Co Ltd
D0C7C0	Tp-Link Technologies Co.,Ltd.
D0CEC0	Xiaomi Communications Co Ltd
D0CF0E	Sagemcom Broadband SAS
D0D3E0	Hewlett Packard Enterprise
D0E54D	Commscope
D0EA11	Routerboard.com
D0F88C	Motorola (Wuhan) Mobility Technologies Communication Co., Ltd.
D4016D	Tp-Link Technologies Co.,Ltd.
D401C3	Routerboard.com
D404CD	Commscope
D40598	Commscope
D40AA9	Commscope
D41761	Xiaomi Communications Co Ltd
D41972	Hewlett Packard Enterprise
D41AD1	Zyxel Communications Corporation
D42122	Sercomm Corporation.
D427FF	Sagemcom Broadband SAS
D42C0F	Commscope
D43538	Beijing Xiaomi Mobile Software Co., Ltd
D43A2C	Google, Inc.
D43DF3	Zyxel Communications Corporation
D43FCB	Commscope
D4438A	Beijing Xiaomi Mobile Software Co., Ltd
D45039	Sagemcom Broadband SAS
D4532A	Beijing Xiaomi Mobile Software Co., Ltd
D45B51	Motorola Mobility LLC, a Lenovo Company
D45D64	ASUSTek COMPUTER INC.
D45E89	Motorola Mobility LLC, a Lenovo Company
D45EEC	Beijing Xiaomi Electronics Co., Ltd.
D460E3	Sercomm Corporation.
D463C6	Motorola Mobility LLC, a Lenovo Company
D463FE	Arcadyan Corporation
D4684D	Ruckus Wireless
D46C6D	Commscope
D46E0E	Tp-Link Technologies Co.,Ltd.
D476A0	Fortinet, Inc.
D47BB0	Askey Computer Corp
D48660	Arcadyan Corporation
D489C1	Ubiquiti Inc
D4910F	Amazon Technologies Inc.
D4970B	Xiaomi Communications Co Ltd
D4A365	Xiaomi Communications Co Ltd
D4AB82	Commscope
D4B27A	Commscope
D4B4C0	Fortinet, Inc.
D4B5CD	Sagemcom Broadband SAS
D4BD4F	Ruckus Wireless
D4C19E	Ruckus Wireless
D4C94B	Motorola Mobility LLC, a Lenovo Company
D4CA6D	Routerboard.com
D4D6DF	TP-Link Systems Inc.
D4DA21	Beijing Xiaomi Mobile Software Co., Ltd
D4E053	Hewlett Packard Enterprise
D4F0EA	Beijing Xiaomi Mobile Software Co., Ltd
D4F547	Google, Inc.
D4F5EF	Hewlett Packard Enterprise
D4F829	Sagemcom Broadband SAS
D802C0	Extreme Networks, Inc.
D807B6	Tp-Link Technologies Co.,Ltd.
D80D17	Tp-Link Technologies Co.,Ltd.
D8150D	Tp-Link Technologies Co.,Ltd.
D82522	Commscope
D83214	Tenda Technology Co.,Ltd.Dongguan branch
D832E3	Xiaomi Communications Co Ltd
D833B7	Sagemcom Broadband SAS
D838FC	Ruckus Wireless
D84489	TP-Link Systems Inc
D84732	Tp-Link Technologies Co.,Ltd.
D850E6	ASUSTek COMPUTER INC.
D854A2	Extreme Networks, Inc.
D85D4C	Tp-Link Technologies Co.,Ltd.
D8630D	Motorola (Wuhan) Mobility Technologies Communication Co., Ltd.
D86375	Xiaomi Communications Co Ltd
D86C63	Google, Inc.
D86CE9	Sagemcom Broadband SAS
D87D7F	Sagemcom Broadband SAS
D88466	Extreme Networks, Inc.
D88C79	Google, Inc.
D8912A	Zyxel Communications Corporation
D893D4	Xiaomi Communications Co Ltd
D89403	Hewlett Packard Enterprise
D8A756	Sagemcom Broadband SAS
D8B053	Xiaomi Communications Co Ltd
D8B1DE	Hewlett Packard Enterprise
D8B370	Ubiquiti Inc
D8BE65	Amazon Technologies Inc.
D8C262	Ubiquiti Inc
D8C7C8	Hewlett Packard Enterprise
D8CE3A	Xiaomi Communications Co Ltd
D8CF61	Sagemcom Broadband SAS
D8CFBF	Motorola Mobility LLC, a Lenovo Company
D8D775	Sagemcom Broadband SAS
D8E016	Extreme Networks, Inc.
D8E374	Xiaomi Communications Co Ltd
D8EB46	Google, Inc.
D8EC5E	Belkin International Inc.
D8ECE5	Zyxel Communications Corporation
D8EDA8	Xiaomi Communications Co Ltd
D8F12E	TP-Link Systems Inc.
D8FB5E	Askey Computer Corp
D8FBD6	Amazon Technologies Inc.
D8FEE3	D-Link International
DAA119	Google, Inc.
DC0077	Tp-Link Technologies Co.,Ltd.
DC08DA	Askey Computer Corp
DC233B	Extreme Networks, Inc.
DC2C6E	Routerboard.com
DC4517	Commscope
DC537C	Compal Broadband Networks, Inc.
DC54D7	Amazon Technologies Inc.
DC6279	TP-Link Systems Inc
DC680C	Hewlett Packard Enterprise
DC6AE7	Xiaomi Communications Co Ltd
DC8E8D	Netis Technology Co., Ltd.
DC91BF	Amazon Technologies Inc.
DC9272	Sagemcom Broadband SAS
DC97E6	Sagemcom Broadband SAS
DC9FDB	Ubiquiti Inc
DCA0D0	Amazon Technologies Inc.
DCA633	Commscope
DCAEEB	Ruckus Wireless
DCB72E	Xiaomi Communications Co Ltd
DCB7AC	Hewlett Packard Enterprise
DCB808	Extreme Networks, Inc.
DCB87D	Hewlett Packard Enterprise
DCBB3D	Extreme Networks, Inc.
DCBFE9	Motorola Mobility LLC, a Lenovo Company
DCDCC3	Extreme Networks, Inc.
DCE55B	Google, Inc.
DCE650	Extreme Networks, Inc.
DCEAE7	D-Link Corporation
DCEB4D	Motorola (Wuhan) Mobility Technologies Communication Co., Ltd.
DCED83	Beijing Xiaomi Mobile Software Co., Ltd
DCEF09	Netgear
DCF51B	Arcadyan Corporation
DCFE18	Tp-Link Technologies Co.,Ltd.
E005C5	Tp-Link Technologies Co.,Ltd.
E0071B	Hewlett Packard Enterprise
E0107F	Ruckus Wireless
E01ADF	Google, Inc.
E01C41	Extreme Networks, Inc.
E01CFC	D-Link International
E01F88	Xiaomi Communications Co Ltd
E01FFC	Motorola (Wuhan) Mobility Technologies Communication Co., Ltd.
E02202	Commscope
E023FF	Fortinet, Inc.
E0280A	TP-Link Systems Inc.
E03F49	ASUSTek COMPUTER INC.
E0469A	Netgear
E046EE	Netgear
E04F95	Sagemcom Broadband SAS
E05163	Arcadyan Corporation
E06066	Sercomm Corporation.
E06267	Xiaomi Communications Co Ltd
E063DA	Ubiquiti Inc
E0757D	Motorola Mobility LLC, a Lenovo Company
E0806B	Xiaomi Communications Co Ltd
E091F5	Netgear
E09559	Arcadyan Corporation
E09861	Motorola Mobility LLC, a Lenovo Company
E0A129	Extreme Networks, Inc.
E0A366	Motorola Mobility LLC, a Lenovo Company
E0B655	Beijing Xiaomi Electronics Co., Ltd.
E0B70A	Commscope
E0B7B1	Commscope
E0C250	Netgear
E0CA94	Askey Computer Corp
E0CB1D	Amazon Technologies Inc.
E0CB4E	ASUSTek COMPUTER INC.
E0CCF8	Xiaomi Communications Co Ltd
E0CEC3	Askey Computer Corp
E0D362	TP-Link Systems Inc.
E0DCFF	Xiaomi Communications Co Ltd
E0F728	Amazon Technologies Inc.
E41613	Extreme Networks, Inc.
E4186B	Zyxel Communications Corporation
E41B43	Beijing Xiaomi Mobile Software Co., Ltd
E426D5	Motorola Mobility LLC, a Lenovo Company
E43883	Ubiquiti Inc
E43ED7	Arcadyan Corporation
E443CF	TP-Link Systems Inc.
E444E5	Extreme Networks, Inc.
E44519	Beijing Xiaomi Electronics Co.,Ltd
E446DA	Xiaomi Communications Co Ltd
E45740	Commscope
E45E1B	Google, Inc.
E46449	Commscope
E46F13	D-Link International
E475DC	Arcadyan Corporation
E48399	Commscope
E484D3	Xiaomi Communications Co Ltd
E48D8C	Routerboard.com
E4907E	Motorola Mobility LLC, a Lenovo Company
E49F1E	Commscope
E4AAE4	Xiaomi Communications Co Ltd
E4BCAA	Xiaomi Communications Co Ltd
E4BEED	Netis Technology Co., Ltd.
E4C0E2	Sagemcom Broadband SAS
E4C32A	Tp-Link Technologies Co.,Ltd.
E4D332	Tp-Link Technologies Co.,Ltd.
E4DB6D	Beijing Xiaomi Electronics Co., Ltd.
E4DBAE	Extreme Networks, Inc.
E4DE40	Hewlett Packard Enterprise
E4F042	Google, Inc.
E4F4C6	Netgear
E4F75B	Commscope
E4FAC4	TP-Link Systems Inc
E4FD8C	Extreme Networks, Inc.
E4FE43	Beijing Xiaomi Mobile Software Co., Ltd
E81098	Hewlett Packard Enterprise
E81B69	Sercomm Corporation.
E81CA5	Hewlett Packard Enterprise
E81CBA	Fortinet, Inc.
E81DA8	Ruckus Wireless
E82689	Hewlett Packard Enterprise
E83381	Commscope
E8377A	Zyxel Communications Corporation
E839DF	Askey Computer Corp
E83EFC	Commscope
E848B8	TP-Link Systems Inc
E84A54	Beijing Xiaomi Mobile Software Co., Ltd
E84C4A	Amazon Technologies Inc.
E84EBA	Google, Inc.
E85A8B	Xiaomi Communications Co Ltd
E85FB4	Xiaomi Communications Co Ltd
E865D4	Tenda Technology Co.,Ltd.Dongguan branch
E86D52	Commscope
E86FF2	Actiontec Electronics, Inc
E87EEF	Xiaomi Communications Co Ltd
E8825B	Commscope
E88843	Xiaomi Communications Co Ltd
E8892C	Commscope
E89120	Motorola Mobility LLC, a Lenovo Company
E894F6	Tp-Link Technologies Co.,Ltd.
E89847	Xiaomi Communications Co Ltd
E89C25	ASUSTek COMPUTER INC.
E89F80	Belkin International Inc.
E8ADA6	Sagemcom Broadband SAS
E8BA17	Beijing Xiaomi Mobile Software Co., Ltd
E8BE81	Sagemcom Broadband SAS
E8CC18	D-Link International
E8D11B	Askey Computer Corp
E8D2FF	Sagemcom Broadband SAS
E8D52B	Google, Inc.
E8D87E	Amazon Technologies Inc.
E8DE27	Tp-Link Technologies Co.,Ltd.
E8ED05	Commscope
E8EDD6	Fortinet, Inc.
E8F1B0	Sagemcom Broadband SAS
E8F724	Hewlett Packard Enterprise
E8F791	Xiaomi Communications Co Ltd
E8FC5F	Ruckus Wireless
E8FCAF	Netgear
EABEA7	Sonos, Inc.
EC0273	Hewlett Packard Enterprise
EC086B	Tp-Link Technologies Co.,Ltd.
EC08E5	Motorola Mobility LLC, a Lenovo Company
EC0DE4	Amazon Technologies Inc.
EC1055	Beijing Xiaomi Electronics Co.,Ltd
EC172F	Tp-Link Technologies Co.,Ltd.
EC1A59	Belkin International Inc.
EC1B5F	Hewlett Packard Enterprise
EC2280	D-Link International
EC26CA	Tp-Link Technologies Co.,Ltd.
EC2BEB	Amazon Technologies Inc.
EC30B3	Xiaomi Communications Co Ltd
EC315F	Amazon Technologies Inc.
EC33CC	Hewlett Packard Enterprise
EC3EB3	Zyxel Communications Corporation
EC4118	XIAOMI Electronics,CO.,LTD
EC43F6	Zyxel Communications Corporation
EC4D3E	Beijing Xiaomi Mobile Software Co., Ltd
EC50A6	Sagemcom Broadband SAS
EC50AA	Hewlett Packard Enterprise
EC58EA	Ruckus Wireless
EC6073	Tp-Link Technologies Co.,Ltd.
EC6794	Hewlett Packard Enterprise
EC6C9A	Arcadyan Corporation
EC7097	Commscope
EC750C	TP-Link Systems Inc.
EC7CBA	Hewlett Packard Enterprise
EC888F	Tp-Link Technologies Co.,Ltd.
EC8892	Motorola Mobility LLC, a Lenovo Company
EC8AC4	Amazon Technologies Inc.
EC8CA2	Ruckus Wireless
EC9B8B	Hewlett Packard Enterprise
ECA138	Amazon Technologies Inc.
ECA940	Commscope
ECADE0	D-Link International
ECB157	Sagemcom Broadband SAS
ECB293	Hewlett Packard Enterprise
ECB931	TP-Link Systems Inc.
ECBEDD	Sagemcom Broadband SAS
ECD09F	Xiaomi Communications Co Ltd
ECEBB8	Hewlett Packard Enterprise
ECED73	Motorola Mobility LLC, a Lenovo Company
ECF451	Arcadyan Corporation
ECFA5C	Beijing Xiaomi Electronics Co., Ltd.
ECFC2F	Sagemcom Broadband SAS
ECFCC6	Hewlett Packard Enterprise
F0090D	TP-Link Systems Inc
F01628	Technicolor (China) Technology Co., Ltd.
F01AA0	Hewlett Packard Enterprise
F0272D	Amazon Technologies Inc.
F02B7C	Extreme Networks, Inc.
F02F74	ASUSTek COMPUTER INC.
F02F9E	Amazon Technologies Inc.
F03E90	Ruckus Wireless
F04DD4	Sagemcom Broadband SAS
F04F7C	Amazon Technologies Inc.
F05C19	Hewlett Packard Enterprise
F05C77	Google, Inc.
F061C0	Hewlett Packard Enterprise
F06426	Extreme Networks, Inc.
F06C5D	Xiaomi Communications Co Ltd
F06FCE	Ruckus Wireless
F07084	Actiontec Electronics Inc.
F072EA	Google, Inc.
F074C1	Blink by Amazon
F07959	ASUSTek COMPUTER INC.
F07B65	Sagemcom Broadband SAS
F07D68	D-Link Corporation
F08173	Amazon Technologies Inc.
F08175	Sagemcom Broadband SAS
F08261	Sagemcom Broadband SAS
F08620	Arcadyan Corporation
F08756	Zyxel Communications Corporation
F09CE9	Extreme Networks, Inc.
F09FC2	Ubiquiti Inc
F0A225	Amazon Technologies Inc.
F0A731	TP-Link Systems Inc
F0AF85	Commscope
F0B052	Ruckus Wireless
F0B429	Xiaomi Communications Co Ltd
F0B4D2	D-Link International
F0D018	Hewlett Packard Enterprise
F0D2F1	Amazon Technologies Inc.
F0D7AA	Motorola Mobility LLC, a Lenovo Company
F0EF86	Google, Inc.
F0F0A4	Amazon Technologies Inc.
F0F336	Tp-Link Technologies Co.,Ltd.
F0F6C1	Sonos, Inc.
F0F832	Google, Inc.
F0FCC8	Commscope
F40304	Google, Inc.
F4032A	Amazon Technologies Inc.
F40343	Hewlett Packard Enterprise
F40595	Sagemcom Broadband SAS
F40E83	Commscope
F41A9C	Xiaomi Communications Co Ltd
F41E57	Routerboard.com
F42A7D	Tp-Link Technologies Co.,Ltd.
F42E7F	Hewlett Packard Enterprise
F4308B	Xiaomi Communications Co Ltd
F44D5C	Zyxel Communications Corporation
F45246	Askey Computer Corp
F45424	Extreme Networks, Inc.
F460E2	Xiaomi Communications Co Ltd
F464B6	Sercomm Corporation.
F46942	Askey Computer Corp
F46BEF	Sagemcom Broadband SAS
F46D04	ASUSTek COMPUTER INC.
F46D2F	Tp-Link Technologies Co.,Ltd.
F46E95	Extreme Networks, Inc.
F483CD	Tp-Link Technologies Co.,Ltd.
F4848D	Tp-Link Technologies Co.,Ltd.
F48B32	Xiaomi Communications Co Ltd
F48CEB	D-Link International
F492BF	Ubiquiti Inc
F49AB1	Hewlett Packard Enterprise
F4CAE7	Arcadyan Corporation
F4CE48	Extreme Networks, Inc.
F4E1FC	Hewlett Packard Enterprise
F4E2C6	Ubiquiti Inc
F4EAB5	Extreme Networks, Inc.
F4EB38	Sagemcom Broadband SAS
F4EC38	Tp-Link Technologies Co.,Ltd.
F4F1E1	Motorola Mobility LLC, a Lenovo Company
F4F26D	Tp-Link Technologies Co.,Ltd.
F4F50B	TP-Link Systems Inc.
F4F524	Motorola Mobility LLC, a Lenovo Company
F4F5D8	Google, Inc.
F4F5DB	Xiaomi Communications Co Ltd
F4F5E8	Google, Inc.
F8084F	Sagemcom Broadband SAS
F80BBE	Commscope
F80DA9	Zyxel Communications Corporation
F80FF9	Google, Inc.
F81A2B	Google, Inc.
F81A67	Tp-Link Technologies Co.,Ltd.
F81F32	Motorola Mobility LLC, a Lenovo Company
F82DC0	Commscope
F832E4	ASUSTek COMPUTER INC.
F83EB0	Arcadyan Corporation
F843EF	Xiaomi Communications Co Ltd
F854B8	Amazon Technologies Inc.
F85B3B	Askey Computer Corp
F85C24	Sonos Inc.
F860F0	Hewlett Packard Enterprise
F863D9	Commscope
F86FB0	Tp-Link Technologies Co.,Ltd.
F8710C	Xiaomi Communications Co Ltd
F87394	Netgear
F8790A	Commscope
F87B7A	Commscope
F88306	Beijing Xiaomi Mobile Software Co., Ltd
F88B37	Commscope
F88C21	Tp-Link Technologies Co.,Ltd.
F88FCA	Google, Inc.
F8A097	Commscope
F8A45F	Xiaomi Communications Co Ltd
F8AB05	Sagemcom Broadband SAS
F8AB82	Xiaomi Communications Co Ltd
F8C903	Tp-Link Technologies Co.,Ltd.
F8CA59	NetComm Wireless
F8CE21	Tp-Link Technologies Co.,Ltd.
F8CFC5	Motorola Mobility LLC, a Lenovo Company
F8D111	Tp-Link Technologies Co.,Ltd.
F8E079	Motorola Mobility LLC, a Lenovo Company
F8E4FB	Actiontec Electronics, Inc
F8E71E	Ruckus Wireless
F8E903	D-Link International
F8EDA5	Commscope
F8EF5D	Motorola Mobility LLC, a Lenovo Company
F8F1B6	Motorola Mobility LLC, a Lenovo Company
F8F532	Commscope
F8FCE1	Amazon Technologies Inc.
FC0296	Xiaomi Communications Co Ltd
FC0A81	Extreme Networks, Inc.
FC0F76	Amazon Technologies Inc.
FC1263	Askey Computer Corp
FC1999	Xiaomi Communications Co Ltd
FC22F4	Zyxel Communications Corporation
FC2BB2	Actiontec Electronics, Inc
FC3497	ASUSTek COMPUTER INC.
FC3DA5	Arcadyan Corporation
FC4116	Google, Inc.
FC4345	Xiaomi Communications Co Ltd
FC492D	Amazon Technologies Inc.
FC51A4	Commscope
FC5B8C	Xiaomi Communications Co Ltd
FC5C45	Ruckus Wireless
FC64BA	Xiaomi Communications Co Ltd
FC65DE	Amazon Technologies Inc.
FC6637	Sagemcom Broadband SAS
FC6FB7	Commscope
FC7516	D-Link International
FC7FF1	Hewlett Packard Enterprise
FC8E7E	Commscope
FC915D	Google, Inc.
FC9F2A	Zyxel Communications Corporation
FCA183	Amazon Technologies Inc.
FCA667	Amazon Technologies Inc.
FCA9F5	Xiaomi Communications Co Ltd
FCAE34	Commscope
FCB4E6	Askey Computer Corp
FCB9DF	Motorola Mobility LLC, a Lenovo Company
FCC233	ASUSTek COMPUTER INC.
FCCA10	Mercusys Technologies Co., Ltd.
FCD436	Motorola Mobility LLC, a Lenovo Company
FCD733	Tp-Link Technologies Co.,Ltd.
FCD749	Amazon Technologies Inc.
FCD908	Xiaomi Communications Co Ltd
FCE9D8	Amazon Technologies Inc.
FCECDA	Ubiquiti Inc
FCF528	Zyxel Communications Corporation
